Date,team,conference,net_rank,PrevNET,AvgOppNETRank,AvgOppNET,DivIWL,ConfRecord,Non-ConfRecord,RoadWL,NETSOS,NetNonConfSOS,WABRk,WAB,NCWABRk,NCWAB,Last10Games,Q1,Q2,Q3,Q4,run_date,automatic_qualifier,conference_winner,DivI_wins,DivI_losses,DivI_winpct,Q1_wins,Q1_losses,Q1_winpct,Q2_wins,Q2_losses,Q2_winpct,Q3_wins,Q3_losses,Q3_winpct,Q4_wins,Q4_losses,Q4_winpct,Conf_wins,Conf_losses,Conf_winpct,Road_wins,Road_losses,Road_winpct,Last10_wins,Last10_losses,Last10_winpct
2026/04/05,UConn,Big East,1,1,13,84,38-1,23-0,15-1,12-0,49,1,4,13.28,1,8.62,9-1,11-1,6-0,7-0,14-0,2026-04-12,AQ,1,38,1,0.974,11,1,0.917,6,0,1,7,0,1,14,0,1,23,0,1,12,0,1,9,1,0.9
2026/04/05,UCLA,Big Ten,2,2,1,60,37-1,21-0,16-1,9-0,1,4,1,21.48,2,8.31,10-0,22-1,2-0,7-0,6-0,2026-04-12,AQ,1,37,1,0.974,22,1,0.957,2,0,1,7,0,1,6,0,1,21,0,1,9,0,1,10,0,1
2026/04/05,South Carolina,SEC,3,3,6,75,36-4,17-2,19-2,11-1,3,16,2,17.95,4,7.11,8-2,17-4,6-0,3-0,10-0,2026-04-12,Non,0,36,4,0.9,17,4,0.81,6,0,1,3,0,1,10,0,1,17,2,0.895,11,1,0.917,8,2,0.8
2026/04/05,Texas,SEC,4,4,10,80,35-4,16-3,19-1,7-3,4,18,3,17.32,3,7.58,9-1,16-4,6-0,4-0,9-0,2026-04-12,AQ,1,35,4,0.897,16,4,0.8,6,0,1,4,0,1,9,0,1,16,3,0.842,7,3,0.7,9,1,0.9
2026/04/05,LSU,SEC,5,5,59,115,29-6,13-5,16-1,10-2,28,182,9,9.34,15,2.11,7-3,9-6,4-0,3-0,13-0,2026-04-12,Non,0,29,6,0.829,9,6,0.6,4,0,1,3,0,1,13,0,1,13,5,0.722,10,2,0.833,7,3,0.7
2026/04/05,Michigan,Big Ten,6,6,7,76,28-7,16-4,12-3,8-2,5,19,5,11.7,8,3.19,7-3,10-7,5-0,5-0,8-0,2026-04-12,Non,0,28,7,0.8,10,7,0.588,5,0,1,5,0,1,8,0,1,16,4,0.8,8,2,0.8,7,3,0.7
2026/04/05,Vanderbilt,SEC,7,7,35,96,29-5,13-4,16-1,7-2,20,93,7,10.36,7,3.26,7-3,9-5,6-0,5-0,9-0,2026-04-12,Non,0,29,5,0.853,9,5,0.643,6,0,1,5,0,1,9,0,1,13,4,0.765,7,2,0.778,7,3,0.7
2026/04/05,Duke,ACC,8,8,3,67,27-9,19-2,8-7,9-3,7,3,8,9.73,24,1.23,7-3,8-8,8-1,2-0,9-0,2026-04-12,AQ,1,27,9,0.75,8,8,0.5,8,1,0.889,2,0,1,9,0,1,19,2,0.905,9,3,0.75,7,3,0.7
2026/04/05,Minnesota,Big Ten,9,9,23,90,24-9,13-6,11-3,8-3,19,83,18,5.94,36,0.66,7-3,6-8,2-1,6-0,10-0,2026-04-12,Non,0,24,9,0.727,6,8,0.429,2,1,0.667,6,0,1,10,0,1,13,6,0.684,8,3,0.727,7,3,0.7
2026/04/05,TCU,Big 12,10,12,49,106,32-6,17-4,15-2,7-3,47,67,12,8.04,10,2.7,8-2,5-4,10-2,2-0,15-0,2026-04-12,Non,0,32,6,0.842,5,4,0.556,10,2,0.833,2,0,1,15,0,1,17,4,0.81,7,3,0.7,8,2,0.8
2026/04/05,Louisville,ACC,11,11,32,94,29-8,17-4,12-4,9-0,21,24,11,8.7,16,2.03,6-4,8-7,7-1,2-0,12-0,2026-04-12,Non,0,29,8,0.784,8,7,0.533,7,1,0.875,2,0,1,12,0,1,17,4,0.81,9,0,1,6,4,0.6
2026/04/05,Iowa,Big Ten,12,10,2,65,27-7,17-4,10-3,8-3,8,49,6,10.52,30,1.06,8-2,9-6,7-1,3-0,8-0,2026-04-12,Non,0,27,7,0.794,9,6,0.6,7,1,0.875,3,0,1,8,0,1,17,4,0.81,8,3,0.727,8,2,0.8
2026/04/05,Kentucky,SEC,13,16,21,89,25-11,10-9,15-2,9-5,13,48,17,6.4,6,3.37,6-4,6-10,3-1,8-0,8-0,2026-04-12,Non,0,25,11,0.694,6,10,0.375,3,1,0.75,8,0,1,8,0,1,10,9,0.526,9,5,0.643,6,4,0.6
2026/04/05,Oklahoma,SEC,14,13,40,98,26-8,12-6,14-2,6-3,15,65,13,7.65,11,2.51,8-2,6-8,5-0,3-0,12-0,2026-04-12,Non,0,26,8,0.765,6,8,0.429,5,0,1,3,0,1,12,0,1,12,6,0.667,6,3,0.667,8,2,0.8
2026/04/05,Maryland,Big Ten,15,14,47,104,24-9,11-8,13-1,6-4,29,150,20,5.43,17,1.83,7-3,6-8,1-1,5-0,12-0,2026-04-12,Non,0,24,9,0.727,6,8,0.429,1,1,0.5,5,0,1,12,0,1,11,8,0.579,6,4,0.6,7,3,0.7
2026/04/05,Ohio State,Big Ten,16,15,23,90,27-8,15-6,12-2,7-3,10,73,10,9.14,19,1.78,5-5,9-8,3-0,3-0,12-0,2026-04-12,Non,0,27,8,0.771,9,8,0.529,3,0,1,3,0,1,12,0,1,15,6,0.714,7,3,0.7,5,5,0.5
2026/04/05,West Virginia,Big 12,17,18,18,87,28-7,17-4,11-3,8-2,45,53,16,6.42,25,1.2,8-2,3-4,10-3,4-0,11-0,2026-04-12,AQ,1,28,7,0.8,3,4,0.429,10,3,0.769,4,0,1,11,0,1,17,4,0.81,8,2,0.8,8,2,0.8
2026/04/05,UNC,ACC,18,19,49,106,28-8,15-5,13-3,8-3,34,30,14,7.27,9,2.73,7-3,5-7,9-1,2-0,12-0,2026-04-12,Non,0,28,8,0.778,5,7,0.417,9,1,0.9,2,0,1,12,0,1,15,5,0.75,8,3,0.727,7,3,0.7
2026/04/05,Michigan State,Big Ten,19,17,38,97,23-9,11-8,12-1,7-4,16,137,19,5.69,20,1.73,4-6,5-8,5-0,2-1,11-0,2026-04-12,Non,0,23,9,0.719,5,8,0.385,5,0,1,2,1,0.667,11,0,1,11,8,0.579,7,4,0.636,4,6,0.4
2026/04/05,Notre Dame,ACC,20,21,18,87,25-11,14-7,11-4,7-6,11,10,15,6.57,5,3.41,8-2,7-8,6-3,2-0,10-0,2026-04-12,Non,0,25,11,0.694,7,8,0.467,6,3,0.667,2,0,1,10,0,1,14,7,0.667,7,6,0.538,8,2,0.8
2026/04/05,Ole Miss,SEC,21,20,35,96,24-12,10-9,14-3,4-7,23,108,24,4.18,32,0.92,4-6,5-9,4-2,4-1,11-0,2026-04-12,Non,0,24,12,0.667,5,9,0.357,4,2,0.667,4,1,0.8,11,0,1,10,9,0.526,4,7,0.364,4,6,0.4
2026/04/05,Washington,Big Ten,22,25,17,86,22-11,11-9,11-2,7-6,14,123,23,4.61,33,0.86,5-5,5-7,4-4,2-0,11-0,2026-04-12,Non,0,22,11,0.667,5,7,0.417,4,4,0.5,2,0,1,11,0,1,11,9,0.55,7,6,0.538,5,5,0.5
2026/04/05,USC,Big Ten,23,22,4,71,18-14,9-10,9-4,3-8,2,15,25,3.63,21,1.68,5-5,5-12,2-1,4-1,7-0,2026-04-12,Non,0,18,14,0.562,5,12,0.294,2,1,0.667,4,1,0.8,7,0,1,9,10,0.474,3,8,0.273,5,5,0.5
2026/04/05,Alabama,SEC,24,27,18,87,24-11,9-10,15-1,3-6,17,124,21,5.03,12,2.5,4-6,5-9,5-1,4-1,10-0,2026-04-12,Non,0,24,11,0.686,5,9,0.357,5,1,0.833,4,1,0.8,10,0,1,9,10,0.474,3,6,0.333,4,6,0.4
2026/04/05,Tennessee,SEC,25,23,5,74,16-14,8-9,8-5,7-6,6,20,33,1.98,49,0.18,1-9,4-12,2-1,2-1,8-0,2026-04-12,Non,0,16,14,0.533,4,12,0.25,2,1,0.667,2,1,0.667,8,0,1,8,9,0.471,7,6,0.538,1,9,0.1
2026/04/05,NC State,ACC,26,26,7,76,21-11,13-6,8-5,7-5,24,12,26,3.36,29,1.09,6-4,4-10,5-1,3-0,9-0,2026-04-12,Non,0,21,11,0.656,4,10,0.286,5,1,0.833,3,0,1,9,0,1,13,6,0.684,7,5,0.583,6,4,0.6
2026/04/05,Oregon,Big Ten,27,24,12,83,23-13,10-11,13-2,6-6,25,163,27,3.05,31,0.94,5-5,3-10,4-2,4-1,12-0,2026-04-12,Non,0,23,13,0.639,3,10,0.231,4,2,0.667,4,1,0.8,12,0,1,10,11,0.476,6,6,0.5,5,5,0.5
2026/04/05,Nebraska,Big Ten,28,28,14,85,19-13,7-12,12-1,2-7,26,152,37,1.19,22,1.61,3-7,1-11,4-1,3-1,11-0,2026-04-12,Non,0,19,13,0.594,1,11,0.083,4,1,0.8,3,1,0.75,11,0,1,7,12,0.368,2,7,0.222,3,7,0.3
2026/04/05,Oklahoma State,Big 12,29,29,57,113,23-10,12-7,11-3,5-7,54,107,35,1.53,44,0.27,6-4,1-4,8-5,4-1,10-0,2026-04-12,Non,0,23,10,0.697,1,4,0.2,8,5,0.615,4,1,0.8,10,0,1,12,7,0.632,5,7,0.417,6,4,0.6
2026/04/05,Illinois,Big Ten,30,30,34,95,22-12,11-10,11-2,6-7,32,177,30,2.84,42,0.41,6-4,3-11,2-0,7-1,10-0,2026-04-12,Non,0,22,12,0.647,3,11,0.214,2,0,1,7,1,0.875,10,0,1,11,10,0.524,6,7,0.462,6,4,0.6
2026/04/05,Baylor,Big 12,31,32,35,96,25-9,13-6,12-3,7-4,38,33,22,4.8,14,2.28,5-5,4-7,5-2,5-0,11-0,2026-04-12,Non,0,25,9,0.735,4,7,0.364,5,2,0.714,5,0,1,11,0,1,13,6,0.684,7,4,0.636,5,5,0.5
2026/04/05,Texas Tech,Big 12,32,31,44,102,26-8,12-7,14-1,7-5,66,175,31,2.81,18,1.79,5-5,4-2,5-5,3-1,14-0,2026-04-12,Non,0,26,8,0.765,4,2,0.667,5,5,0.5,3,1,0.75,14,0,1,12,7,0.632,7,5,0.583,5,5,0.5
2026/04/05,Iowa State,Big 12,33,33,61,116,22-10,10-9,12-1,5-5,64,208,46,0.23,28,1.14,5-5,2-3,5-6,2-1,13-0,2026-04-12,Non,0,22,10,0.688,2,3,0.4,5,6,0.455,2,1,0.667,13,0,1,10,9,0.526,5,5,0.5,5,5,0.5
2026/04/05,Georgia,SEC,34,34,65,120,22-10,8-9,14-1,6-4,40,296,32,2.77,39,0.52,4-6,3-9,2-1,6-0,11-0,2026-04-12,Non,0,22,10,0.688,3,9,0.25,2,1,0.667,6,0,1,11,0,1,8,9,0.471,6,4,0.6,4,6,0.4
2026/04/05,Villanova,Big East,35,35,54,108,25-8,18-5,7-3,10-3,71,45,39,0.97,47,0.2,7-3,2-4,2-3,5-1,16-0,2026-04-12,Non,0,25,8,0.758,2,4,0.333,2,3,0.4,5,1,0.833,16,0,1,18,5,0.783,10,3,0.769,7,3,0.7
2026/04/05,Virginia,ACC,36,36,56,112,22-12,11-8,11-4,7-4,43,50,38,1.18,37,0.66,5-5,4-6,4-5,2-0,12-1,2026-04-12,Non,0,22,12,0.647,4,6,0.4,4,5,0.444,2,0,1,12,1,0.923,11,8,0.579,7,4,0.636,5,5,0.5
2026/04/05,Princeton,Ivy League,37,38,75,133,26-4,14-2,12-2,11-2,79,47,28,3.01,13,2.46,8-2,1-3,5-1,7-0,13-0,2026-04-12,AQ,1,26,4,0.867,1,3,0.25,5,1,0.833,7,0,1,13,0,1,14,2,0.875,11,2,0.846,8,2,0.8
2026/04/05,Clemson,ACC,38,41,73,129,21-12,12-8,9-4,7-8,39,77,36,1.23,58,-0.52,5-5,2-10,4-2,1-0,14-0,2026-04-12,Non,0,21,12,0.636,2,10,0.167,4,2,0.667,1,0,1,14,0,1,12,8,0.6,7,8,0.467,5,5,0.5
2026/04/05,Virginia Tech,ACC,39,40,63,119,23-10,13-7,10-3,7-3,52,181,34,1.71,59,-0.61,5-5,2-7,5-2,4-1,12-0,2026-04-12,Non,0,23,10,0.697,2,7,0.222,5,2,0.714,4,1,0.8,12,0,1,13,7,0.65,7,3,0.7,5,5,0.5
2026/04/05,Richmond,Atlantic 10,40,37,88,141,26-8,16-4,10-4,9-4,85,55,51,-0.87,50,0.13,6-4,1-3,2-4,5-0,18-1,2026-04-12,Non,0,26,8,0.765,1,3,0.25,2,4,0.333,5,0,1,18,1,0.947,16,4,0.8,9,4,0.692,6,4,0.6
2026/04/05,Syracuse,ACC,41,39,65,120,24-9,13-7,11-2,6-4,51,97,29,2.93,26,1.18,5-5,2-8,6-1,2-0,14-0,2026-04-12,Non,0,24,9,0.727,2,8,0.2,6,1,0.857,2,0,1,14,0,1,13,7,0.65,6,4,0.6,5,5,0.5
2026/04/05,Mississippi State,SEC,42,43,61,116,18-13,5-12,13-1,3-7,42,314,52,-0.91,48,0.19,3-7,2-9,1-3,3-1,12-0,2026-04-12,Non,0,18,13,0.581,2,9,0.182,1,3,0.25,3,1,0.75,12,0,1,5,12,0.294,3,7,0.3,3,7,0.3
2026/04/05,James Madison,Sun Belt,43,45,82,138,26-9,17-4,9-5,7-5,90,43,60,-2.27,56,-0.5,9-1,0-3,1-2,7-3,18-1,2026-04-12,AQ,1,26,9,0.743,0,3,0,1,2,0.333,7,3,0.7,18,1,0.947,17,4,0.81,7,5,0.583,9,1,0.9
2026/04/05,South Dakota St.,Summit League,44,42,118,165,27-7,17-2,10-5,10-2,83,26,43,0.31,38,0.61,9-1,0-4,4-2,4-1,19-0,2026-04-12,AQ,1,27,7,0.794,0,4,0,4,2,0.667,4,1,0.8,19,0,1,17,2,0.895,10,2,0.833,9,1,0.9
2026/04/05,Columbia,Ivy League,45,59,79,137,25-8,11-4,14-4,13-1,82,82,50,-0.73,35,0.72,8-2,1-1,7-3,2-3,15-1,2026-04-12,Non,0,25,8,0.758,1,1,0.5,7,3,0.7,2,3,0.4,15,1,0.938,11,4,0.733,13,1,0.929,8,2,0.8
2026/04/05,Stanford,ACC,46,44,48,105,21-14,8-11,13-3,6-6,55,106,56,-1.86,34,0.74,5-5,3-6,3-7,4-0,11-1,2026-04-12,Non,0,21,14,0.6,3,6,0.333,3,7,0.3,4,0,1,11,1,0.917,8,11,0.421,6,6,0.5,5,5,0.5
2026/04/05,Colorado,Big 12,47,46,26,91,22-12,13-8,9-4,4-6,50,155,41,0.36,86,-1.42,6-4,2-6,7-3,2-2,11-1,2026-04-12,Non,0,22,12,0.647,2,6,0.25,7,3,0.7,2,2,0.5,11,1,0.917,13,8,0.619,4,6,0.4,6,4,0.6
2026/04/05,Florida,SEC,48,48,52,107,18-15,6-12,12-3,2-9,44,311,59,-2.22,98,-1.69,5-5,2-11,1-0,3-3,12-1,2026-04-12,Non,0,18,15,0.545,2,11,0.154,1,0,1,3,3,0.5,12,1,0.923,6,12,0.333,2,9,0.182,5,5,0.5
2026/04/05,Rhode Island,Atlantic 10,49,49,102,155,27-5,19-2,8-3,11-3,102,131,40,0.44,60,-0.63,7-3,1-2,3-1,4-0,19-2,2026-04-12,AQ,1,27,5,0.844,1,2,0.333,3,1,0.75,4,0,1,19,2,0.905,19,2,0.905,11,3,0.786,7,3,0.7
2026/04/05,Kansas,Big 12,50,50,32,94,21-14,9-11,12-3,5-6,58,148,57,-2.03,51,0.05,7-3,1-7,3-5,8-1,9-1,2026-04-12,Non,0,21,14,0.6,1,7,0.125,3,5,0.375,8,1,0.889,9,1,0.9,9,11,0.45,5,6,0.455,7,3,0.7
2026/04/05,California,ACC,51,52,46,103,21-15,10-10,11-5,5-6,56,110,63,-2.54,81,-1.32,5-5,1-7,4-6,3-2,13-0,2026-04-12,Non,0,21,15,0.583,1,7,0.125,4,6,0.4,3,2,0.6,13,0,1,10,10,0.5,5,6,0.455,5,5,0.5
2026/04/05,Arizona State,Big 12,52,51,44,102,24-11,11-10,13-1,7-7,63,218,45,0.26,27,1.17,5-5,1-6,6-3,5-2,12-0,2026-04-12,Non,0,24,11,0.686,1,6,0.143,6,3,0.667,5,2,0.714,12,0,1,11,10,0.524,7,7,0.5,5,5,0.5
2026/04/05,North Dakota St.,Summit League,53,47,244,204,27-5,17-2,10-3,12-0,177,227,53,-1.17,73,-1.09,7-3,1-1,0-3,3-1,23-0,2026-04-12,Non,0,27,5,0.844,1,1,0.5,0,3,0,3,1,0.75,23,0,1,17,2,0.895,12,0,1,7,3,0.7
2026/04/05,BYU,Big 12,54,56,55,109,26-12,11-10,15-2,6-5,60,169,42,0.35,23,1.24,8-2,0-5,10-5,2-1,14-1,2026-04-12,Non,0,26,12,0.684,0,5,0,10,5,0.667,2,1,0.667,14,1,0.933,11,10,0.524,6,5,0.545,8,2,0.8
2026/04/05,Fairfield,MAAC,55,53,288,222,28-5,22-1,6-4,12-2,115,17,47,0.11,43,0.32,9-1,2-3,0-0,3-1,23-1,2026-04-12,AQ,1,28,5,0.848,2,3,0.4,0,0,,3,1,0.75,23,1,0.958,22,1,0.957,12,2,0.857,9,1,0.9
2026/04/05,Indiana,Big Ten,56,54,23,90,18-14,7-13,11-1,4-7,31,267,48,-0.02,40,0.49,7-3,1-13,2-1,4-0,11-0,2026-04-12,Non,0,18,14,0.562,1,13,0.071,2,1,0.667,4,0,1,11,0,1,7,13,0.35,4,7,0.364,7,3,0.7
2026/04/05,Miami (FL),ACC,57,57,49,106,18-15,9-11,9-4,4-5,48,105,65,-2.86,69,-0.9,6-4,1-9,3-4,2-2,12-0,2026-04-12,FL,0,18,15,0.545,1,9,0.1,3,4,0.429,2,2,0.5,12,0,1,9,11,0.45,4,5,0.444,6,4,0.6
2026/04/05,Kansas St.,Big 12,58,55,9,79,19-18,11-11,8-7,6-6,41,59,76,-3.54,134,-2.66,5-5,4-6,4-6,3-5,8-1,2026-04-12,Non,0,19,18,0.514,4,6,0.4,4,6,0.4,3,5,0.375,8,1,0.889,11,11,0.5,6,6,0.5,5,5,0.5
2026/04/05,Harvard,Ivy League,59,64,89,142,20-12,11-5,9-7,7-6,81,121,96,-4.88,178,-3.47,6-4,1-3,1-4,2-4,16-1,2026-04-12,Non,0,20,12,0.625,1,3,0.25,1,4,0.2,2,4,0.333,16,1,0.941,11,5,0.688,7,6,0.538,6,4,0.6
2026/04/05,Utah,Big 12,60,58,38,97,18-13,10-9,8-4,9-4,53,99,58,-2.04,76,-1.13,4-6,2-3,4-9,1-1,11-0,2026-04-12,Non,0,18,13,0.581,2,3,0.4,4,9,0.308,1,1,0.5,11,0,1,10,9,0.526,9,4,0.692,4,6,0.4
2026/04/05,George Mason,Atlantic 10,61,60,79,137,23-10,18-3,5-7,9-3,84,62,67,-3,188,-3.59,7-3,1-3,3-3,2-2,17-2,2026-04-12,Non,0,23,10,0.697,1,3,0.25,3,3,0.5,2,2,0.5,17,2,0.895,18,3,0.857,9,3,0.75,7,3,0.7
2026/04/05,Gonzaga,WCC,62,61,84,139,24-10,16-4,8-6,9-4,108,81,89,-4.46,120,-2.3,7-3,0-1,1-5,5-3,18-1,2026-04-12,AQ,1,24,10,0.706,0,1,0,1,5,0.167,5,3,0.625,18,1,0.947,16,4,0.8,9,4,0.692,7,3,0.7
2026/04/05,Rice,American,63,65,106,158,29-6,18-2,11-4,11-3,170,216,54,-1.71,96,-1.66,7-3,0-2,1-1,6-0,22-3,2026-04-12,Non,0,29,6,0.829,0,2,0,1,1,0.5,6,0,1,22,3,0.88,18,2,0.9,11,3,0.786,7,3,0.7
2026/04/05,Texas A&M,SEC,64,62,14,85,14-13,7-10,7-3,4-5,9,136,44,0.28,68,-0.9,6-4,3-9,4-0,2-3,5-1,2026-04-12,Non,0,14,13,0.519,3,9,0.25,4,0,1,2,3,0.4,5,1,0.833,7,10,0.412,4,5,0.444,6,4,0.6
2026/04/05,Seton Hall,Big East,65,63,63,119,19-13,13-9,6-4,8-6,75,113,95,-4.84,99,-1.71,4-6,0-6,1-2,5-2,13-3,2026-04-12,Non,0,19,13,0.594,0,6,0,1,2,0.333,5,2,0.714,13,3,0.812,13,9,0.591,8,6,0.571,4,6,0.4
2026/04/05,San Diego St.,Mountain West,66,72,126,167,26-6,19-2,7-4,10-2,150,100,55,-1.76,82,-1.37,8-2,0-1,2-1,5-2,19-2,2026-04-12,Non,0,26,6,0.812,0,1,0,2,1,0.667,5,2,0.714,19,2,0.905,19,2,0.905,10,2,0.833,8,2,0.8
2026/04/05,Colorado St.,Mountain West,67,70,136,172,26-8,18-5,8-3,10-3,165,133,78,-3.69,61,-0.63,9-1,0-1,1-2,3-4,22-1,2026-04-12,AQ,1,26,8,0.765,0,1,0,1,2,0.333,3,4,0.429,22,1,0.957,18,5,0.783,10,3,0.769,9,1,0.9
2026/04/05,South Fla.,American,68,67,76,134,20-12,13-6,7-6,5-5,72,8,80,-3.72,41,0.48,7-3,1-5,1-2,2-2,16-3,2026-04-12,Non,0,20,12,0.625,1,5,0.167,1,2,0.333,2,2,0.5,16,3,0.842,13,6,0.684,5,5,0.5,7,3,0.7
2026/04/05,Marquette,Big East,69,66,70,125,17-12,12-9,5-3,7-5,73,87,92,-4.59,70,-0.94,5-5,0-5,1-2,3-3,13-2,2026-04-12,Non,0,17,12,0.586,0,5,0,1,2,0.333,3,3,0.5,13,2,0.867,12,9,0.571,7,5,0.583,5,5,0.5
2026/04/05,Ball St.,MAC,70,68,166,180,25-7,17-3,8-4,11-4,188,143,74,-3.29,90,-1.53,8-2,0-2,0-2,3-1,22-2,2026-04-12,Non,0,25,7,0.781,0,2,0,0,2,0,3,1,0.75,22,2,0.917,17,3,0.85,11,4,0.733,8,2,0.8
2026/04/05,Purdue,Big Ten,71,71,27,92,13-17,5-14,8-3,2-10,27,246,79,-3.71,87,-1.5,2-8,1-11,0-3,4-1,8-2,2026-04-12,Non,0,13,17,0.433,1,11,0.083,0,3,0,4,1,0.8,8,2,0.8,5,14,0.263,2,10,0.167,2,8,0.2
2026/04/05,Georgia Tech,ACC,72,74,41,99,14-19,9-11,5-8,3-10,46,68,111,-6.49,232,-4.41,4-6,1-9,2-7,2-1,9-2,2026-04-12,Non,0,14,19,0.424,1,9,0.1,2,7,0.222,2,1,0.667,9,2,0.818,9,11,0.45,3,10,0.231,4,6,0.4
2026/04/05,Davidson,Atlantic 10,73,73,96,151,21-12,13-7,8-5,7-6,97,129,103,-5.96,115,-2.19,6-4,0-3,0-5,3-2,18-2,2026-04-12,Non,0,21,12,0.636,0,3,0,0,5,0,3,2,0.6,18,2,0.9,13,7,0.65,7,6,0.538,6,4,0.6
2026/04/05,Montana St.,Big Sky,74,69,144,175,25-8,18-3,7-5,9-6,178,98,83,-4.07,110,-2.07,8-2,0-1,1-2,0-4,24-1,2026-04-12,Non,0,25,8,0.758,0,1,0,1,2,0.333,0,4,0,24,1,0.96,18,3,0.857,9,6,0.6,8,2,0.8
2026/04/05,Miami (OH),MAC,75,75,144,175,26-7,19-2,7-5,10-6,182,157,70,-3.1,133,-2.62,8-2,0-1,1-2,3-1,22-3,2026-04-12,AQ,1,26,7,0.788,0,1,0,1,2,0.333,3,1,0.75,22,3,0.88,19,2,0.905,10,6,0.625,8,2,0.8
2026/04/05,Troy,Sun Belt,76,77,114,161,24-8,16-4,8-4,9-6,123,119,72,-3.18,80,-1.29,6-4,0-1,0-4,6-1,18-2,2026-04-12,Non,0,24,8,0.75,0,1,0,0,4,0,6,1,0.857,18,2,0.9,16,4,0.8,9,6,0.6,6,4,0.6
2026/04/05,Ga. Southern,Sun Belt,77,76,95,150,22-8,16-3,6-5,9-6,101,159,66,-2.89,147,-2.83,7-3,0-2,2-3,3-2,17-1,2026-04-12,Non,0,22,8,0.733,0,2,0,2,3,0.4,3,2,0.6,17,1,0.944,16,3,0.842,9,6,0.6,7,3,0.7
2026/04/05,Louisiana Tech,CUSA,78,78,186,187,24-7,16-2,8-5,9-4,204,134,77,-3.57,117,-2.22,8-2,0-2,0-1,1-1,23-3,2026-04-12,Non,0,24,7,0.774,0,2,0,0,1,0,1,1,0.5,23,3,0.885,16,2,0.889,9,4,0.692,8,2,0.8
2026/04/05,Vermont,America East,79,81,209,193,25-8,16-3,9-5,12-5,225,180,93,-4.65,126,-2.42,8-2,0-2,0-0,2-1,23-5,2026-04-12,AQ,1,25,8,0.758,0,2,0,0,0,,2,1,0.667,23,5,0.821,16,3,0.842,12,5,0.706,8,2,0.8
2026/04/05,Santa Clara,WCC,80,80,105,157,22-10,14-6,8-4,11-5,145,128,99,-5.71,84,-1.4,6-4,0-0,1-4,5-2,16-4,2026-04-12,Non,0,22,10,0.688,0,0,,1,4,0.2,5,2,0.714,16,4,0.8,14,6,0.7,11,5,0.688,6,4,0.6
2026/04/05,Wisconsin,Big Ten,81,85,21,89,16-18,5-14,11-4,4-9,18,120,62,-2.49,63,-0.66,3-7,1-12,3-3,2-3,10-0,2026-04-12,Non,0,16,18,0.471,1,12,0.077,3,3,0.5,2,3,0.4,10,0,1,5,14,0.263,4,9,0.308,3,7,0.3
2026/04/05,Quinnipiac,MAAC,82,84,324,241,27-7,21-2,6-5,15-2,281,266,86,-4.3,192,-3.63,7-3,0-0,2-3,0-0,25-4,2026-04-12,Non,0,27,7,0.794,0,0,,2,3,0.4,0,0,,25,4,0.862,21,2,0.913,15,2,0.882,7,3,0.7
2026/04/05,Missouri,SEC,83,83,27,92,17-17,4-13,13-4,5-7,36,199,73,-3.2,75,-1.11,2-8,1-10,2-5,3-2,11-0,2026-04-12,Non,0,17,17,0.5,1,10,0.091,2,5,0.286,3,2,0.6,11,0,1,4,13,0.235,5,7,0.417,2,8,0.2
2026/04/05,UC Irvine,Big West,84,79,279,218,26-7,17-4,9-3,10-5,348,341,97,-5.35,119,-2.24,7-3,0-0,0-1,1-2,25-4,2026-04-12,Non,0,26,7,0.788,0,0,,0,1,0,1,2,0.333,25,4,0.862,17,4,0.81,10,5,0.667,7,3,0.7
2026/04/05,Oregon St.,WCC,85,82,90,143,21-12,15-6,6-6,6-4,98,44,104,-6.04,113,-2.15,6-4,0-2,1-4,2-4,18-2,2026-04-12,Non,0,21,12,0.636,0,2,0,1,4,0.2,2,4,0.333,18,2,0.9,15,6,0.714,6,4,0.6,6,4,0.6
2026/04/05,McNeese,Southland,86,89,285,220,27-6,22-2,5-4,14-3,212,37,61,-2.44,71,-0.94,8-2,0-2,1-2,0-0,26-2,2026-04-12,Non,0,27,6,0.818,0,2,0,1,2,0.333,0,0,,26,2,0.929,22,2,0.917,14,3,0.824,8,2,0.8
2026/04/05,Auburn,SEC,87,86,42,100,15-17,4-14,11-3,3-8,30,203,68,-3.02,62,-0.65,2-8,1-11,3-5,1-1,10-0,2026-04-12,Non,0,15,17,0.469,1,11,0.083,3,5,0.375,1,1,0.5,10,0,1,4,14,0.222,3,8,0.273,2,8,0.2
2026/04/05,Saint Joseph's,Atlantic 10,88,87,92,148,18-11,11-9,7-2,8-5,103,153,107,-6.1,54,-0.2,5-5,1-1,0-5,2-2,15-3,2026-04-12,Non,0,18,11,0.621,1,1,0.5,0,5,0,2,2,0.5,15,3,0.833,11,9,0.55,8,5,0.615,5,5,0.5
2026/04/05,Arkansas St.,Sun Belt,89,92,123,166,26-10,15-5,11-5,9-6,234,319,110,-6.46,196,-3.68,7-3,0-0,1-2,1-7,24-1,2026-04-12,Non,0,26,10,0.722,0,0,,1,2,0.333,1,7,0.125,24,1,0.96,15,5,0.75,9,6,0.6,7,3,0.7
2026/04/05,Marshall,Sun Belt,90,102,107,159,26-9,13-6,13-3,11-5,146,240,88,-4.31,65,-0.78,7-3,0-2,1-2,4-2,21-3,2026-04-12,Non,0,26,9,0.743,0,2,0,1,2,0.333,4,2,0.667,21,3,0.875,13,6,0.684,11,5,0.688,7,3,0.7
2026/04/05,Penn St.,Big Ten,91,93,11,82,11-18,4-14,7-4,3-8,12,70,81,-3.94,72,-0.97,4-6,1-10,1-6,2-1,7-1,2026-04-12,Non,0,11,18,0.379,1,10,0.091,1,6,0.143,2,1,0.667,7,1,0.875,4,14,0.222,3,8,0.273,4,6,0.4
2026/04/05,Murray St.,MVC,92,88,204,192,30-4,22-1,8-3,12-3,194,84,49,-0.13,53,-0.13,9-1,0-3,1-0,2-1,27-0,2026-04-12,AQ,1,30,4,0.882,0,3,0,1,0,1,2,1,0.667,27,0,1,22,1,0.957,12,3,0.8,9,1,0.9
2026/04/05,Creighton,Big East,93,91,58,114,16-15,12-10,4-5,6-8,70,139,112,-6.56,160,-3.12,7-3,0-5,1-3,3-4,12-3,2026-04-12,Non,0,16,15,0.516,0,5,0,1,3,0.25,3,4,0.429,12,3,0.8,12,10,0.545,6,8,0.429,7,3,0.7
2026/04/05,Western Ill.,OVC,94,90,276,217,23-6,18-4,5-2,9-5,233,75,71,-3.12,52,-0.11,7-3,0-2,0-0,3-0,20-4,2026-04-12,AQ,1,23,6,0.793,0,2,0,0,0,,3,0,1,20,4,0.833,18,4,0.818,9,5,0.643,7,3,0.7
2026/04/05,UNLV,Mountain West,95,96,98,152,21-11,16-6,5-5,8-7,137,112,114,-6.63,142,-2.71,6-4,0-0,0-6,2-4,19-1,2026-04-12,Non,0,21,11,0.656,0,0,,0,6,0,2,4,0.333,19,1,0.95,16,6,0.727,8,7,0.533,6,4,0.6
2026/04/05,Green Bay,Horizon,96,97,186,187,24-9,20-3,4-6,9-6,129,22,85,-4.22,111,-2.08,6-4,0-3,0-2,1-1,23-3,2026-04-12,AQ,1,24,9,0.727,0,3,0,0,2,0,1,1,0.5,23,3,0.885,20,3,0.87,9,6,0.6,6,4,0.6
2026/04/05,Lindenwood,OVC,97,94,227,199,23-8,17-5,6-3,11-4,211,90,94,-4.65,64,-0.71,9-1,0-2,0-0,4-2,19-4,2026-04-12,Non,0,23,8,0.742,0,2,0,0,0,,4,2,0.667,19,4,0.826,17,5,0.773,11,4,0.733,9,1,0.9
2026/04/05,Georgetown,Big East,98,95,74,131,14-17,7-15,7-2,5-8,74,205,144,-9.09,57,-0.5,2-8,0-5,1-3,1-3,12-6,2026-04-12,Non,0,14,17,0.452,0,5,0,1,3,0.25,1,3,0.25,12,6,0.667,7,15,0.318,5,8,0.385,2,8,0.2
2026/04/05,Massachusetts,MAC,99,98,204,192,23-7,15-4,8-3,10-3,268,297,90,-4.47,105,-1.89,7-3,0-0,0-3,3-1,20-3,2026-04-12,Non,0,23,7,0.767,0,0,,0,3,0,3,1,0.75,20,3,0.87,15,4,0.789,10,3,0.769,7,3,0.7
2026/04/05,Col. of Charleston,CAA,100,101,297,225,25-6,19-2,6-4,11-3,278,135,75,-3.49,106,-1.89,7-3,0-1,0-1,2-0,23-4,2026-04-12,AQ,1,25,6,0.806,0,1,0,0,1,0,2,0,1,23,4,0.852,19,2,0.905,11,3,0.786,7,3,0.7
2026/04/05,Idaho,Big Sky,101,99,253,207,27-6,20-1,7-5,10-5,262,249,69,-3.1,167,-3.38,9-1,0-1,0-2,2-0,25-3,2026-04-12,AQ,1,27,6,0.818,0,1,0,0,2,0,2,0,1,25,3,0.893,20,1,0.952,10,5,0.667,9,1,0.9
2026/04/05,North Texas,American,102,103,99,153,17-14,13-8,4-6,6-5,125,103,150,-9.38,190,-3.62,6-4,0-2,0-4,0-4,17-4,2026-04-12,Non,0,17,14,0.548,0,2,0,0,4,0,0,4,0,17,4,0.81,13,8,0.619,6,5,0.545,6,4,0.6
2026/04/05,Arkansas,SEC,103,104,52,107,12-20,1-16,11-4,1-10,37,290,118,-7.01,125,-2.35,1-9,0-11,0-4,3-4,9-1,2026-04-12,Non,0,12,20,0.375,0,11,0,0,4,0,3,4,0.429,9,1,0.9,1,16,0.059,1,10,0.091,1,9,0.1
2026/04/05,Central Ark.,ASUN,104,105,253,207,19-11,14-6,5-5,9-7,323,285,145,-9.09,207,-3.88,9-1,0-0,0-1,2-3,17-7,2026-04-12,Non,0,19,11,0.633,0,0,,0,1,0,2,3,0.4,17,7,0.708,14,6,0.7,9,7,0.562,9,1,0.9
2026/04/05,St. John's,Big East,105,100,84,139,22-12,12-10,10-2,8-7,78,176,82,-4.05,46,0.22,5-5,0-4,4-2,3-3,15-3,2026-04-12,NY,0,22,12,0.647,0,4,0,4,2,0.667,3,3,0.5,15,3,0.833,12,10,0.545,8,7,0.533,5,5,0.5
2026/04/05,Belmont,MVC,106,106,133,171,20-12,16-5,4-7,9-5,91,13,101,-5.86,104,-1.88,7-3,0-5,0-1,1-2,19-4,2026-04-12,Non,0,20,12,0.625,0,5,0,0,1,0,1,2,0.333,19,4,0.826,16,5,0.762,9,5,0.643,7,3,0.7
2026/04/05,Florida St.,ACC,107,107,29,93,10-21,5-14,5-7,3-8,35,31,131,-8.29,143,-2.73,3-7,0-9,0-8,2-3,8-1,2026-04-12,Non,0,10,21,0.323,0,9,0,0,8,0,2,3,0.4,8,1,0.889,5,14,0.263,3,8,0.273,3,7,0.3
2026/04/05,LMU,WCC,108,111,172,181,20-10,15-4,5-6,8-6,242,312,119,-7.13,251,-5.05,8-2,0-0,0-2,4-2,16-6,2026-04-12,CA,0,20,10,0.667,0,0,,0,2,0,4,2,0.667,16,6,0.727,15,4,0.789,8,6,0.571,8,2,0.8
2026/04/05,Abilene Christian,WAC,109,108,221,197,21-11,14-6,7-5,8-5,327,295,143,-8.99,202,-3.77,6-4,0-1,0-0,2-0,19-10,2026-04-12,Non,0,21,11,0.656,0,1,0,0,0,,2,0,1,19,10,0.655,14,6,0.7,8,5,0.615,6,4,0.6
2026/04/05,Eastern Ky.,ASUN,110,110,266,213,23-9,15-4,8-5,10-5,267,220,108,-6.26,153,-3.02,5-5,0-1,0-1,2-2,21-5,2026-04-12,Non,0,23,9,0.719,0,1,0,0,1,0,2,2,0.5,21,5,0.808,15,4,0.789,10,5,0.667,5,5,0.5
2026/04/05,Cincinnati,Big 12,111,109,29,93,10-20,6-13,4-7,2-10,57,268,157,-9.7,278,-5.66,3-7,0-4,3-9,0-3,7-4,2026-04-12,Non,0,10,20,0.333,0,4,0,3,9,0.25,0,3,0,7,4,0.636,6,13,0.316,2,10,0.167,3,7,0.3
2026/04/05,UTSA,American,112,114,79,137,17-16,13-9,4-7,5-10,93,42,160,-9.74,174,-3.44,6-4,0-4,2-1,1-4,14-7,2026-04-12,AQ,1,17,16,0.515,0,4,0,2,1,0.667,1,4,0.2,14,7,0.667,13,9,0.591,5,10,0.333,6,4,0.6
2026/04/05,Penn,Ivy League,113,123,139,174,15-10,7-7,8-3,5-6,99,256,98,-5.57,93,-1.57,6-4,0-3,1-2,0-3,14-2,2026-04-12,Non,0,15,10,0.6,0,3,0,1,2,0.333,0,3,0,14,2,0.875,7,7,0.5,5,6,0.455,6,4,0.6
2026/04/05,South Dakota,Summit League,114,117,246,205,23-10,13-5,10-5,9-5,202,327,109,-6.33,203,-3.82,6-4,0-1,2-3,1-0,20-6,2026-04-12,Non,0,23,10,0.697,0,1,0,2,3,0.4,1,0,1,20,6,0.769,13,5,0.722,9,5,0.643,6,4,0.6
2026/04/05,New Mexico,Mountain West,115,113,194,190,22-10,14-7,8-3,9-4,221,254,115,-6.68,92,-1.56,7-3,0-0,1-3,1-3,20-4,2026-04-12,Non,0,22,10,0.688,0,0,,1,3,0.25,1,3,0.25,20,4,0.833,14,7,0.667,9,4,0.692,7,3,0.7
2026/04/05,Missouri St.,CUSA,116,115,139,174,23-13,12-3,11-10,7-7,226,236,149,-9.35,324,-7.03,8-2,0-1,0-2,2-2,21-8,2026-04-12,AQ,1,23,13,0.639,0,1,0,0,2,0,2,2,0.5,21,8,0.724,12,3,0.8,7,7,0.5,8,2,0.8
2026/04/05,East Carolina,American,117,116,178,183,22-10,14-5,8-5,7-4,303,339,125,-7.65,221,-4.14,7-3,0-0,0-1,2-2,20-7,2026-04-12,Non,0,22,10,0.688,0,0,,0,1,0,2,2,0.5,20,7,0.741,14,5,0.737,7,4,0.636,7,3,0.7
2026/04/05,Central Mich.,MAC,118,120,158,178,17-12,12-7,5-5,9-7,107,34,120,-7.26,91,-1.53,5-5,0-3,0-2,1-3,16-4,2026-04-12,Non,0,17,12,0.586,0,3,0,0,2,0,1,3,0.25,16,4,0.8,12,7,0.632,9,7,0.562,5,5,0.5
2026/04/05,UC San Diego,Big West,119,112,244,204,23-9,19-3,4-6,11-5,230,146,100,-5.8,209,-3.96,7-3,0-2,0-0,3-1,20-6,2026-04-12,AQ,1,23,9,0.719,0,2,0,0,0,,3,1,0.75,20,6,0.769,19,3,0.864,11,5,0.688,7,3,0.7
2026/04/05,Boise St.,Mountain West,120,122,194,190,24-9,16-7,8-2,6-6,260,272,105,-6.05,66,-0.8,6-4,0-0,0-3,1-3,23-3,2026-04-12,Non,0,24,9,0.727,0,0,,0,3,0,1,3,0.25,23,3,0.885,16,7,0.696,6,6,0.5,6,4,0.6
2026/04/05,Hawaii,Big West,121,119,191,189,20-11,16-7,4-4,6-4,309,289,139,-8.77,159,-3.12,9-1,0-0,0-0,2-5,18-6,2026-04-12,Non,0,20,11,0.645,0,0,,0,0,,2,5,0.286,18,6,0.75,16,7,0.696,6,4,0.6,9,1,0.9
2026/04/05,Army West Point,Patriot,122,125,304,228,25-8,15-5,10-3,11-6,325,283,102,-5.92,89,-1.51,7-3,0-1,0-0,0-3,25-4,2026-04-12,Non,0,25,8,0.758,0,1,0,0,0,,0,3,0,25,4,0.862,15,5,0.75,11,6,0.647,7,3,0.7
2026/04/05,Arizona,Big 12,123,121,68,121,12-18,3-16,9-2,0-9,68,358,142,-8.99,95,-1.61,2-8,0-5,1-8,2-2,9-3,2026-04-12,Non,0,12,18,0.4,0,5,0,1,8,0.111,2,2,0.5,9,3,0.75,3,16,0.158,0,9,0,2,8,0.2
2026/04/05,FDU,NEC,124,130,361,284,28-5,21-0,7-5,12-4,308,166,64,-2.62,139,-2.68,9-1,0-2,0-1,0-0,28-2,2026-04-12,AQ,1,28,5,0.848,0,2,0,0,1,0,0,0,,28,2,0.933,21,0,1,12,4,0.75,9,1,0.9
2026/04/05,California Baptist,WAC,125,118,197,191,23-11,17-3,6-8,11-6,228,185,124,-7.59,269,-5.48,7-3,0-2,0-0,2-2,21-7,2026-04-12,AQ,1,23,11,0.676,0,2,0,0,0,,2,2,0.5,21,7,0.75,17,3,0.85,11,6,0.647,7,3,0.7
2026/04/05,UNI,MVC,126,126,158,178,18-14,14-8,4-6,8-8,153,58,161,-9.78,158,-3.09,7-3,0-2,0-2,1-4,17-6,2026-04-12,Non,0,18,14,0.562,0,2,0,0,2,0,1,4,0.2,17,6,0.739,14,8,0.636,8,8,0.5,7,3,0.7
2026/04/05,Brown,Ivy League,127,139,166,180,15-11,8-7,7-4,7-8,113,347,116,-6.85,175,-3.44,5-5,0-2,0-4,1-2,14-3,2026-04-12,Non,0,15,11,0.577,0,2,0,0,4,0,1,2,0.333,14,3,0.824,8,7,0.533,7,8,0.467,5,5,0.5
2026/04/05,Navy,Patriot,128,129,299,226,21-9,16-3,5-6,9-5,283,200,113,-6.63,222,-4.14,7-3,0-1,1-2,1-0,19-6,2026-04-12,Non,0,21,9,0.7,0,1,0,1,2,0.333,1,0,1,19,6,0.76,16,3,0.842,9,5,0.643,7,3,0.7
2026/04/05,Northwestern,Big Ten,129,132,14,85,8-21,2-16,6-5,1-11,22,277,128,-7.92,198,-3.72,0-10,0-12,0-4,1-3,7-2,2026-04-12,Non,0,8,21,0.276,0,12,0,0,4,0,1,3,0.25,7,2,0.778,2,16,0.111,1,11,0.083,0,10,0
2026/04/05,Southern Ind.,OVC,130,124,246,205,18-11,15-7,3-4,8-6,284,210,137,-8.71,148,-2.88,6-4,0-1,0-0,0-3,18-7,2026-04-12,Non,0,18,11,0.621,0,1,0,0,0,,0,3,0,18,7,0.72,15,7,0.682,8,6,0.571,6,4,0.6
2026/04/05,Grand Canyon,Mountain West,131,134,96,151,13-19,12-10,1-9,5-9,104,52,228,-13.63,291,-5.95,5-5,0-2,0-4,3-4,10-9,2026-04-12,Non,0,13,19,0.406,0,2,0,0,4,0,3,4,0.429,10,9,0.526,12,10,0.545,5,9,0.357,5,5,0.5
2026/04/05,Pepperdine,WCC,132,127,139,174,19-13,10-9,9-4,6-9,218,263,155,-9.64,124,-2.34,6-4,0-1,1-2,1-3,17-7,2026-04-12,Non,0,19,13,0.594,0,1,0,1,2,0.333,1,3,0.25,17,7,0.708,10,9,0.526,6,9,0.4,6,4,0.6
2026/04/05,Idaho St.,Big Sky,133,133,209,193,18-11,12-7,6-4,10-4,285,287,138,-8.72,149,-2.89,6-4,0-0,0-2,2-1,16-8,2026-04-12,Non,0,18,11,0.621,0,0,,0,2,0,2,1,0.667,16,8,0.667,12,7,0.632,10,4,0.714,6,4,0.6
2026/04/05,Portland,WCC,134,131,107,159,18-15,12-8,6-7,6-9,120,138,163,-10.02,229,-4.29,5-5,0-2,1-3,2-6,15-4,2026-04-12,Non,0,18,15,0.545,0,2,0,1,3,0.25,2,6,0.25,15,4,0.789,12,8,0.6,6,9,0.4,5,5,0.5
2026/04/05,Wake Forest,ACC,135,128,92,148,14-18,4-15,10-3,3-6,69,361,136,-8.7,137,-2.68,2-8,0-6,0-7,1-1,13-4,2026-04-12,Non,0,14,18,0.438,0,6,0,0,7,0,1,1,0.5,13,4,0.765,4,15,0.211,3,6,0.333,2,8,0.2
2026/04/05,Butler,Big East,136,135,72,128,12-19,6-15,6-4,2-9,76,202,199,-11.64,121,-2.32,3-7,0-4,0-5,2-4,10-6,2026-04-12,Non,0,12,19,0.387,0,4,0,0,5,0,2,4,0.333,10,6,0.625,6,15,0.286,2,9,0.182,3,7,0.3
2026/04/05,Temple,American,137,140,87,140,15-17,9-11,6-6,4-9,89,36,184,-10.73,107,-1.9,5-5,0-5,0-2,2-3,13-7,2026-04-12,Non,0,15,17,0.469,0,5,0,0,2,0,2,3,0.4,13,7,0.65,9,11,0.45,4,9,0.308,5,5,0.5
2026/04/05,Purdue Fort Wayne,Horizon,138,138,227,199,20-14,14-9,6-5,5-9,235,147,182,-10.67,146,-2.76,6-4,0-2,0-0,1-3,19-9,2026-04-12,Non,0,20,14,0.588,0,2,0,0,0,,1,3,0.25,19,9,0.679,14,9,0.609,5,9,0.357,6,4,0.6
2026/04/05,Youngstown St.,Horizon,139,136,264,212,23-10,17-6,6-4,11-4,296,251,122,-7.53,135,-2.67,8-2,0-1,0-0,1-3,22-6,2026-04-12,Non,0,23,10,0.697,0,1,0,0,0,,1,3,0.25,22,6,0.786,17,6,0.739,11,4,0.733,8,2,0.8
2026/04/05,Jacksonville,ASUN,140,137,216,195,22-9,16-5,6-4,8-7,130,29,91,-4.53,55,-0.41,8-2,0-3,1-1,1-1,20-4,2026-04-12,AQ,1,22,9,0.71,0,3,0,1,1,0.5,1,1,0.5,20,4,0.833,16,5,0.762,8,7,0.533,8,2,0.8
2026/04/05,Coastal Carolina,Sun Belt,141,143,123,166,12-18,7-12,5-6,5-10,105,144,222,-13.04,201,-3.74,3-7,0-3,0-3,0-6,12-6,2026-04-12,Non,0,12,18,0.4,0,3,0,0,3,0,0,6,0,12,6,0.667,7,12,0.368,5,10,0.333,3,7,0.3
2026/04/05,High Point,Big South,142,142,349,257,25-6,16-3,9-3,8-4,328,231,84,-4.08,78,-1.26,6-4,0-1,0-1,2-0,23-4,2026-04-12,AQ,1,25,6,0.806,0,1,0,0,1,0,2,0,1,23,4,0.852,16,3,0.842,8,4,0.667,6,4,0.6
2026/04/05,Maine,America East,143,146,158,178,19-13,14-5,5-8,7-9,161,132,140,-8.92,260,-5.2,8-2,0-1,2-3,1-4,16-5,2026-04-12,Non,0,19,13,0.594,0,1,0,2,3,0.4,1,4,0.2,16,5,0.762,14,5,0.737,7,9,0.438,8,2,0.8
2026/04/05,Liberty,CUSA,144,144,148,176,16-13,9-7,7-6,6-5,159,114,147,-9.27,155,-3.04,7-3,0-2,1-1,1-3,14-7,2026-04-12,Non,0,16,13,0.552,0,2,0,1,1,0.5,1,3,0.25,14,7,0.667,9,7,0.562,6,5,0.545,7,3,0.7
2026/04/05,UC Santa Barbara,Big West,145,141,270,215,19-10,12-9,7-1,10-5,279,215,126,-7.66,45,0.25,5-5,0-1,0-0,2-3,17-6,2026-04-12,Non,0,19,10,0.655,0,1,0,0,0,,2,3,0.4,17,6,0.739,12,9,0.571,10,5,0.667,5,5,0.5
2026/04/05,Illinois St.,MVC,146,158,197,191,24-14,14-8,10-6,6-9,227,204,167,-10.17,166,-3.32,7-3,0-2,0-1,1-4,23-7,2026-04-12,Non,0,24,14,0.632,0,2,0,0,1,0,1,4,0.2,23,7,0.767,14,8,0.636,6,9,0.4,7,3,0.7
2026/04/05,Howard,MEAC,147,154,304,228,26-8,16-1,10-7,11-8,210,141,87,-4.31,179,-3.48,9-1,0-3,1-1,1-1,24-3,2026-04-12,AQ,1,26,8,0.765,0,3,0,1,1,0.5,1,1,0.5,24,3,0.889,16,1,0.941,11,8,0.579,9,1,0.9
2026/04/05,Holy Cross,Patriot,148,148,253,207,23-10,17-4,6-6,9-7,180,71,106,-6.08,140,-2.7,9-1,0-2,0-2,2-1,21-5,2026-04-12,AQ,1,23,10,0.697,0,2,0,0,2,0,2,1,0.667,21,5,0.808,17,4,0.81,9,7,0.562,9,1,0.9
2026/04/05,UCF,Big 12,149,145,69,122,11-19,3-16,8-3,2-7,65,346,151,-9.45,127,-2.43,1-9,0-7,2-5,1-3,8-4,2026-04-12,Non,0,11,19,0.367,0,7,0,2,5,0.286,1,3,0.25,8,4,0.667,3,16,0.158,2,7,0.222,1,9,0.1
2026/04/05,Cleveland St.,Horizon,150,152,279,218,24-10,14-8,10-2,6-8,347,342,130,-8.29,79,-1.29,8-2,0-0,0-0,1-3,23-7,2026-04-12,Non,0,24,10,0.706,0,0,,0,0,,1,3,0.25,23,7,0.767,14,8,0.636,6,8,0.429,8,2,0.8
2026/04/05,Old Dominion,Sun Belt,151,153,100,154,17-14,9-10,8-4,7-5,100,125,134,-8.64,83,-1.38,5-5,0-4,0-2,3-3,14-5,2026-04-12,Non,0,17,14,0.548,0,4,0,0,2,0,3,3,0.5,14,5,0.737,9,10,0.474,7,5,0.583,5,5,0.5
2026/04/05,ULM,Sun Belt,152,155,129,169,16-16,10-12,6-4,4-10,132,127,195,-11.43,102,-1.82,6-4,0-2,0-4,1-5,15-5,2026-04-12,Non,0,16,16,0.5,0,2,0,0,4,0,1,5,0.167,15,5,0.75,10,12,0.455,4,10,0.286,6,4,0.6
2026/04/05,Tulsa,American,153,151,148,176,19-12,11-8,8-4,7-6,172,224,129,-8.21,116,-2.21,4-6,0-1,1-2,2-4,16-5,2026-04-12,Non,0,19,12,0.613,0,1,0,1,2,0.333,2,4,0.333,16,5,0.762,11,8,0.579,7,6,0.538,4,6,0.4
2026/04/05,Toledo,MAC,154,149,148,176,16-15,11-10,5-5,5-9,173,201,193,-11.22,165,-3.31,5-5,0-1,0-3,3-3,13-8,2026-04-12,Non,0,16,15,0.516,0,1,0,0,3,0,3,3,0.5,13,8,0.619,11,10,0.524,5,9,0.357,5,5,0.5
2026/04/05,Providence,Big East,155,147,84,139,15-18,8-14,7-4,2-9,80,243,174,-10.29,129,-2.49,5-5,0-5,0-4,1-4,14-5,2026-04-12,Non,0,15,18,0.455,0,5,0,0,4,0,1,4,0.2,14,5,0.737,8,14,0.364,2,9,0.182,5,5,0.5
2026/04/05,Northern Colo.,Big Sky,156,150,238,201,20-11,13-6,7-5,11-6,295,302,135,-8.67,205,-3.87,6-4,0-0,0-2,0-4,20-5,2026-04-12,Non,0,20,11,0.645,0,0,,0,2,0,0,4,0,20,5,0.8,13,6,0.684,11,6,0.647,6,4,0.6
2026/04/05,San Francisco,WCC,157,169,107,159,18-15,11-10,7-5,6-7,187,265,190,-11.17,180,-3.5,5-5,0-0,0-4,1-8,17-3,2026-04-12,Non,0,18,15,0.545,0,0,,0,4,0,1,8,0.111,17,3,0.85,11,10,0.524,6,7,0.462,5,5,0.5
2026/04/05,Bradley,MVC,158,159,216,195,19-13,13-8,6-5,6-9,263,233,168,-10.19,172,-3.41,5-5,0-1,0-0,0-5,19-7,2026-04-12,Non,0,19,13,0.594,0,1,0,0,0,,0,5,0,19,7,0.731,13,8,0.619,6,9,0.4,5,5,0.5
2026/04/05,Bryant,America East,159,163,291,223,16-12,8-9,8-3,9-7,351,362,183,-10.7,144,-2.75,4-6,0-0,0-1,0-1,16-10,2026-04-12,Non,0,16,12,0.571,0,0,,0,1,0,0,1,0,16,10,0.615,8,9,0.471,9,7,0.562,4,6,0.4
2026/04/05,FGCU,ASUN,160,157,138,173,14-16,12-8,2-8,6-6,135,40,203,-11.83,242,-4.7,5-5,0-1,1-2,1-4,12-9,2026-04-12,Non,0,14,16,0.467,0,1,0,1,2,0.333,1,4,0.2,12,9,0.571,12,8,0.6,6,6,0.5,5,5,0.5
2026/04/05,Austin Peay,ASUN,161,156,246,205,17-14,11-11,6-3,11-3,302,252,201,-11.71,101,-1.81,5-5,0-1,0-0,0-2,17-11,2026-04-12,Non,0,17,14,0.548,0,1,0,0,0,,0,2,0,17,11,0.607,11,11,0.5,11,3,0.786,5,5,0.5
2026/04/05,Ohio,MAC,162,160,158,178,17-14,12-8,5-6,7-6,258,308,191,-11.21,250,-5.03,5-5,0-0,0-4,2-1,15-9,2026-04-12,Non,0,17,14,0.548,0,0,,0,4,0,2,1,0.667,15,9,0.625,12,8,0.6,7,6,0.538,5,5,0.5
2026/04/05,Kent St.,MAC,163,164,111,160,13-16,9-10,4-6,4-11,106,54,192,-11.21,152,-3.01,6-4,0-3,0-1,0-7,13-5,2026-04-12,Non,0,13,16,0.448,0,3,0,0,1,0,0,7,0,13,5,0.722,9,10,0.474,4,11,0.267,6,4,0.6
2026/04/05,Middle Tenn.,CUSA,164,162,178,183,17-16,11-8,6-8,6-8,239,221,214,-12.81,288,-5.88,5-5,0-1,0-3,0-3,17-9,2026-04-12,Non,0,17,16,0.515,0,1,0,0,3,0,0,3,0,17,9,0.654,11,8,0.579,6,8,0.429,5,5,0.5
2026/04/05,La Salle,Atlantic 10,165,165,133,171,18-14,11-9,7-5,9-6,140,271,156,-9.67,185,-3.55,7-3,0-1,1-4,0-4,17-5,2026-04-12,Non,0,18,14,0.562,0,1,0,1,4,0.2,0,4,0,17,5,0.773,11,9,0.55,9,6,0.6,7,3,0.7
2026/04/05,George Washington,Atlantic 10,166,172,117,164,17-18,7-12,10-6,4-11,175,324,231,-13.76,243,-4.73,5-5,0-0,1-5,1-3,15-10,2026-04-12,Non,0,17,18,0.486,0,0,,1,5,0.167,1,3,0.25,15,10,0.6,7,12,0.368,4,11,0.267,5,5,0.5
2026/04/05,SFA,Southland,167,161,309,230,23-10,19-6,4-4,8-5,346,306,133,-8.33,164,-3.28,8-2,0-0,0-1,1-3,22-6,2026-04-12,AQ,1,23,10,0.697,0,0,,0,1,0,1,3,0.25,22,6,0.786,19,6,0.76,8,5,0.615,8,2,0.8
2026/04/05,Dayton,Atlantic 10,168,168,133,171,17-14,10-10,7-4,7-6,166,299,165,-10.13,151,-2.92,6-4,0-0,1-6,1-1,15-7,2026-04-12,Non,0,17,14,0.548,0,0,,1,6,0.143,1,1,0.5,15,7,0.682,10,10,0.5,7,6,0.538,6,4,0.6
2026/04/05,Drexel,CAA,169,166,306,229,20-11,14-6,6-5,8-7,355,335,158,-9.71,227,-4.24,7-3,0-0,0-0,0-3,20-8,2026-04-12,Non,0,20,11,0.645,0,0,,0,0,,0,3,0,20,8,0.714,14,6,0.7,8,7,0.533,7,3,0.7
2026/04/05,Rutgers,Big Ten,170,170,42,100,9-20,1-17,8-3,1-10,33,248,121,-7.37,88,-1.51,0-10,0-12,1-2,2-4,6-2,2026-04-12,Non,0,9,20,0.31,0,12,0,1,2,0.333,2,4,0.333,6,2,0.75,1,17,0.056,1,10,0.091,0,10,0
2026/04/05,Charlotte,American,171,171,100,154,14-18,8-11,6-7,5-8,110,89,216,-12.83,195,-3.67,5-5,0-3,0-3,1-4,13-8,2026-04-12,Non,0,14,18,0.438,0,3,0,0,3,0,1,4,0.2,13,8,0.619,8,11,0.421,5,8,0.385,5,5,0.5
2026/04/05,UC Davis,Big West,172,167,221,197,21-11,16-6,5-5,9-7,272,230,132,-8.32,184,-3.54,6-4,0-0,0-2,1-4,20-5,2026-04-12,Non,0,21,11,0.656,0,0,,0,2,0,1,4,0.2,20,5,0.8,16,6,0.727,9,7,0.562,6,4,0.6
2026/04/05,Fresno St.,Mountain West,173,174,182,185,14-18,9-13,5-5,4-11,168,197,238,-14.03,163,-3.28,5-5,0-1,0-4,0-6,14-7,2026-04-12,Non,0,14,18,0.438,0,1,0,0,4,0,0,6,0,14,7,0.667,9,13,0.409,4,11,0.267,5,5,0.5
2026/04/05,Binghamton,America East,174,177,197,191,18-13,11-7,7-6,7-10,179,162,148,-9.31,177,-3.46,3-7,0-3,0-1,2-0,16-9,2026-04-12,Non,0,18,13,0.581,0,3,0,0,1,0,2,0,1,16,9,0.64,11,7,0.611,7,10,0.412,3,7,0.3
2026/04/05,FIU,CUSA,175,173,204,192,20-12,13-7,7-5,7-7,320,333,162,-9.89,223,-4.14,7-3,0-0,0-2,0-3,20-7,2026-04-12,Non,0,20,12,0.625,0,0,,0,2,0,0,3,0,20,7,0.741,13,7,0.65,7,7,0.5,7,3,0.7
2026/04/05,NJIT,America East,176,178,266,213,19-13,9-8,10-5,10-7,301,310,180,-10.62,197,-3.69,6-4,0-1,0-1,0-2,19-9,2026-04-12,Non,0,19,13,0.594,0,1,0,0,1,0,0,2,0,19,9,0.679,9,8,0.529,10,7,0.588,6,4,0.6
2026/04/05,South Alabama,Sun Belt,177,180,172,181,17-19,9-14,8-5,4-11,193,316,249,-14.88,208,-3.91,8-2,0-1,0-4,2-4,15-10,2026-04-12,Non,0,17,19,0.472,0,1,0,0,4,0,2,4,0.333,15,10,0.6,9,14,0.391,4,11,0.267,8,2,0.8
2026/04/05,Stetson,ASUN,178,175,233,200,18-12,13-7,5-5,7-8,274,217,152,-9.49,176,-3.45,6-4,0-1,0-1,1-0,17-10,2026-04-12,Non,0,18,12,0.6,0,1,0,0,1,0,1,0,1,17,10,0.63,13,7,0.65,7,8,0.467,6,4,0.6
2026/04/05,Houston,Big 12,179,176,29,93,7-23,1-18,6-5,1-11,59,320,213,-12.75,218,-4.1,1-9,0-6,0-8,0-6,7-3,2026-04-12,Non,0,7,23,0.233,0,6,0,0,8,0,0,6,0,7,3,0.7,1,18,0.053,1,11,0.083,1,9,0.1
2026/04/05,Sam Houston,CUSA,180,181,190,188,15-13,10-7,5-6,6-8,169,117,154,-9.56,181,-3.52,4-6,0-2,1-1,0-2,14-8,2026-04-12,Non,0,15,13,0.536,0,2,0,1,1,0.5,0,2,0,14,8,0.636,10,7,0.588,6,8,0.429,4,6,0.4
2026/04/05,UMBC,America East,181,186,197,191,15-15,11-7,4-8,8-9,192,193,198,-11.56,289,-5.89,6-4,1-1,1-1,0-2,13-11,2026-04-12,Non,0,15,15,0.5,1,1,0.5,1,1,0.5,0,2,0,13,11,0.542,11,7,0.611,8,9,0.471,6,4,0.6
2026/04/05,Lamar University,Southland,182,179,315,232,19-11,17-6,2-5,7-9,315,183,141,-8.94,200,-3.73,6-4,0-0,0-2,0-2,19-7,2026-04-12,Non,0,19,11,0.633,0,0,,0,2,0,0,2,0,19,7,0.731,17,6,0.739,7,9,0.438,6,4,0.6
2026/04/05,Saint Mary's,WCC,183,182,139,174,13-17,6-13,7-4,8-7,143,126,221,-12.95,94,-1.61,2-8,0-2,0-3,0-3,13-9,2026-04-12,CA,0,13,17,0.433,0,2,0,0,3,0,0,3,0,13,9,0.591,6,13,0.316,8,7,0.533,2,8,0.2
2026/04/05,Tulane,American,184,185,114,161,11-20,6-13,5-7,3-8,127,122,259,-15.41,231,-4.36,3-7,0-2,0-3,0-4,11-11,2026-04-12,Non,0,11,20,0.355,0,2,0,0,3,0,0,4,0,11,11,0.5,6,13,0.316,3,8,0.273,3,7,0.3
2026/04/05,UAlbany,America East,185,188,238,201,13-16,4-13,9-3,5-11,176,184,210,-12.52,67,-0.83,3-7,0-2,0-3,0-1,13-10,2026-04-12,Non,0,13,16,0.448,0,2,0,0,3,0,0,1,0,13,10,0.565,4,13,0.235,5,11,0.312,3,7,0.3
2026/04/05,Southern Utah,WAC,186,183,220,196,16-13,11-8,5-5,5-11,319,298,189,-11.07,212,-4.01,4-6,0-0,0-1,1-5,15-7,2026-04-12,Non,0,16,13,0.552,0,0,,0,1,0,1,5,0.167,15,7,0.682,11,8,0.579,5,11,0.312,4,6,0.4
2026/04/05,Southern Miss.,Sun Belt,187,190,132,170,13-16,8-11,5-5,5-8,152,212,206,-12.17,173,-3.42,4-6,0-2,0-3,1-3,12-8,2026-04-12,Non,0,13,16,0.448,0,2,0,0,3,0,1,3,0.25,12,8,0.6,8,11,0.421,5,8,0.385,4,6,0.4
2026/04/05,Northern Ky.,Horizon,188,187,182,185,15-17,12-9,3-8,7-9,185,94,224,-13.27,261,-5.25,5-5,0-2,0-1,1-1,14-13,2026-04-12,Non,0,15,17,0.469,0,2,0,0,1,0,1,1,0.5,14,13,0.519,12,9,0.571,7,9,0.438,5,5,0.5
2026/04/05,Bowling Green,MAC,189,189,136,172,13-14,9-10,4-4,4-9,155,101,178,-10.46,112,-2.09,6-4,0-1,0-2,0-6,13-5,2026-04-12,Non,0,13,14,0.481,0,1,0,0,2,0,0,6,0,13,5,0.722,9,10,0.474,4,9,0.308,6,4,0.6
2026/04/05,App State,Sun Belt,190,193,107,159,9-19,4-15,5-4,3-11,111,149,243,-14.48,114,-2.17,1-9,0-3,0-3,0-4,9-9,2026-04-12,Non,0,9,19,0.321,0,3,0,0,3,0,0,4,0,9,9,0.5,4,15,0.211,3,11,0.214,1,9,0.1
2026/04/05,Loyola Chicago,Atlantic 10,191,198,118,165,16-18,10-10,6-8,10-7,151,275,227,-13.5,305,-6.36,4-6,0-2,0-3,1-3,15-10,2026-04-12,Non,0,16,18,0.471,0,2,0,0,3,0,1,3,0.25,15,10,0.6,10,10,0.5,10,7,0.588,4,6,0.4
2026/04/05,Lehigh,Patriot,192,191,256,209,17-15,13-7,4-8,7-10,297,238,212,-12.61,302,-6.32,5-5,0-0,0-2,3-1,14-12,2026-04-12,Non,0,17,15,0.531,0,0,,0,2,0,3,1,0.75,14,12,0.538,13,7,0.65,7,10,0.412,5,5,0.5
2026/04/05,Oral Roberts,Summit League,193,192,178,183,12-15,8-9,4-6,5-10,95,63,164,-10.04,161,-3.18,4-6,0-3,0-4,3-1,9-7,2026-04-12,Non,0,12,15,0.444,0,3,0,0,4,0,3,1,0.75,9,7,0.562,8,9,0.471,5,10,0.333,4,6,0.4
2026/04/05,Utah Valley,WAC,194,184,204,192,14-15,9-10,5-5,5-10,324,318,223,-13.17,224,-4.17,6-4,0-0,0-1,2-3,12-11,2026-04-12,Non,0,14,15,0.483,0,0,,0,1,0,2,3,0.4,12,11,0.522,9,10,0.474,5,10,0.333,6,4,0.6
2026/04/05,Eastern Mich.,MAC,195,196,172,181,12-16,6-12,6-4,5-11,167,189,211,-12.53,118,-2.22,3-7,0-1,0-3,1-4,11-8,2026-04-12,Non,0,12,16,0.429,0,1,0,0,3,0,1,4,0.2,11,8,0.579,6,12,0.333,5,11,0.312,3,7,0.3
2026/04/05,UAB,American,196,197,166,180,11-18,4-14,7-4,3-9,231,274,255,-15.11,138,-2.68,4-6,0-1,0-1,0-4,11-12,2026-04-12,Non,0,11,18,0.379,0,1,0,0,1,0,0,4,0,11,12,0.478,4,14,0.222,3,9,0.25,4,6,0.4
2026/04/05,Monmouth,CAA,197,202,306,229,18-12,13-7,5-5,9-6,337,262,170,-10.23,199,-3.72,6-4,0-1,0-0,0-1,18-10,2026-04-12,Non,0,18,12,0.6,0,1,0,0,0,,0,1,0,18,10,0.643,13,7,0.65,9,6,0.6,6,4,0.6
2026/04/05,Cal St. Fullerton,Big West,198,195,264,212,16-14,14-8,2-6,7-7,345,356,208,-12.45,280,-5.7,5-5,0-0,0-0,0-4,16-10,2026-04-12,Non,0,16,14,0.533,0,0,,0,0,,0,4,0,16,10,0.615,14,8,0.636,7,7,0.5,5,5,0.5
2026/04/05,UTRGV,Southland,199,200,261,211,19-14,17-7,2-7,11-5,195,51,173,-10.25,226,-4.22,5-5,0-2,0-1,0-4,19-7,2026-04-12,Non,0,19,14,0.576,0,2,0,0,1,0,0,4,0,19,7,0.731,17,7,0.708,11,5,0.688,5,5,0.5
2026/04/05,Morehead St.,OVC,200,194,221,197,17-15,13-8,4-7,7-10,148,61,185,-10.74,204,-3.85,4-6,0-3,0-0,2-2,15-10,2026-04-12,Non,0,17,15,0.531,0,3,0,0,0,,2,2,0.5,15,10,0.6,13,8,0.619,7,10,0.412,4,6,0.4
2026/04/05,Xavier,Big East,201,199,78,135,11-19,4-17,7-2,3-9,87,355,219,-12.93,97,-1.66,1-9,0-3,0-3,2-5,9-8,2026-04-12,Non,0,11,19,0.367,0,3,0,0,3,0,2,5,0.286,9,8,0.529,4,17,0.19,3,9,0.25,1,9,0.1
2026/04/05,UIC,MVC,202,203,214,194,14-18,9-12,5-6,5-9,292,288,263,-15.57,245,-4.78,4-6,0-0,1-1,0-4,13-13,2026-04-12,Non,0,14,18,0.438,0,0,,1,1,0.5,0,4,0,13,13,0.5,9,12,0.429,5,9,0.357,4,6,0.4
2026/04/05,DePaul,Big East,203,201,71,127,8-24,5-16,3-8,1-13,77,196,273,-16.4,297,-6.08,3-7,0-5,0-3,1-5,7-11,2026-04-12,Non,0,8,24,0.25,0,5,0,0,3,0,1,5,0.167,7,11,0.389,5,16,0.238,1,13,0.071,3,7,0.3
2026/04/05,Sacramento St.,Big Sky,204,204,194,190,13-18,9-11,4-7,6-10,282,305,261,-15.54,295,-6.01,4-6,0-0,0-2,1-4,12-12,2026-04-12,Non,0,13,18,0.419,0,0,,0,2,0,1,4,0.2,12,12,0.5,9,11,0.45,6,10,0.375,4,6,0.4
2026/04/05,Radford,Big South,205,207,324,241,21-13,14-5,7-8,7-8,290,222,177,-10.4,281,-5.74,7-3,0-2,0-1,0-1,21-9,2026-04-12,Non,0,21,13,0.618,0,2,0,0,1,0,0,1,0,21,9,0.7,14,5,0.737,7,8,0.467,7,3,0.7
2026/04/05,Chattanooga,SoCon,206,208,327,242,18-11,12-5,6-6,6-6,332,255,146,-9.23,234,-4.44,4-6,0-0,0-3,0-0,18-8,2026-04-12,Non,0,18,11,0.621,0,0,,0,3,0,0,0,,18,8,0.692,12,5,0.706,6,6,0.5,4,6,0.4
2026/04/05,Norfolk St.,MEAC,207,206,295,224,14-15,13-4,1-11,7-10,124,38,181,-10.66,319,-6.96,7-3,0-4,0-1,0-1,14-9,2026-04-12,Non,0,14,15,0.483,0,4,0,0,1,0,0,1,0,14,9,0.609,13,4,0.765,7,10,0.412,7,3,0.7
2026/04/05,Pacific,WCC,208,205,94,149,10-19,6-13,4-6,1-10,133,167,250,-14.88,216,-4.09,3-7,0-1,0-4,1-5,9-9,2026-04-12,Non,0,10,19,0.345,0,1,0,0,4,0,1,5,0.167,9,9,0.5,6,13,0.316,1,10,0.091,3,7,0.3
2026/04/05,Alabama A&M,SWAC,209,209,324,241,19-11,18-2,1-9,7-6,142,23,117,-6.94,254,-5.08,8-2,0-3,0-2,0-1,19-5,2026-04-12,Non,0,19,11,0.633,0,3,0,0,2,0,0,1,0,19,5,0.792,18,2,0.9,7,6,0.538,8,2,0.8
2026/04/05,St. Bonaventure,Atlantic 10,210,211,221,197,16-16,7-12,9-4,6-10,241,359,220,-12.94,187,-3.56,5-5,0-1,0-2,2-1,14-12,2026-04-12,Non,0,16,16,0.5,0,1,0,0,2,0,2,1,0.667,14,12,0.538,7,12,0.368,6,10,0.375,5,5,0.5
2026/04/05,Eastern Wash.,Big Sky,211,210,191,189,13-18,8-12,5-6,5-11,247,269,254,-15.11,240,-4.66,3-7,0-0,0-3,1-3,12-12,2026-04-12,Non,0,13,18,0.419,0,0,,0,3,0,1,3,0.25,12,12,0.5,8,12,0.4,5,11,0.312,3,7,0.3
2026/04/05,Drake,MVC,212,212,166,180,12-20,11-11,1-9,6-7,157,60,267,-15.85,298,-6.12,6-4,0-2,0-1,0-4,12-13,2026-04-12,Non,0,12,20,0.375,0,2,0,0,1,0,0,4,0,12,13,0.48,11,11,0.5,6,7,0.462,6,4,0.6
2026/04/05,Robert Morris,Horizon,213,214,295,224,16-12,11-10,5-2,8-8,352,363,186,-10.76,103,-1.87,4-6,0-0,0-0,0-1,16-11,2026-04-12,Non,0,16,12,0.571,0,0,,0,0,,0,1,0,16,11,0.593,11,10,0.524,8,8,0.5,4,6,0.4
2026/04/05,Air Force,Mountain West,214,213,151,177,15-19,10-14,5-5,4-12,232,336,264,-15.62,230,-4.31,4-6,0-0,0-2,1-9,14-8,2026-04-12,Non,0,15,19,0.441,0,0,,0,2,0,1,9,0.1,14,8,0.636,10,14,0.417,4,12,0.25,4,6,0.4
2026/04/05,Campbell,CAA,215,217,306,229,18-12,13-6,5-6,7-7,349,332,179,-10.54,259,-5.2,6-4,0-0,0-1,1-1,17-10,2026-04-12,Non,0,18,12,0.6,0,0,,0,1,0,1,1,0.5,17,10,0.63,13,6,0.684,7,7,0.5,6,4,0.6
2026/04/05,Memphis,American,216,216,123,166,9-21,4-14,5-7,3-11,190,209,293,-17.54,252,-5.07,2-8,0-1,0-1,0-8,9-11,2026-04-12,Non,0,9,21,0.3,0,1,0,0,1,0,0,8,0,9,11,0.45,4,14,0.222,3,11,0.214,2,8,0.2
2026/04/05,Southern U.,SWAC,217,215,315,232,18-14,15-6,3-8,7-12,88,2,123,-7.57,100,-1.73,7-3,0-7,0-0,1-0,17-7,2026-04-12,AQ,1,18,14,0.562,0,7,0,0,0,,1,0,1,17,7,0.708,15,6,0.714,7,12,0.368,7,3,0.7
2026/04/05,William & Mary,CAA,218,218,285,220,16-14,10-10,6-4,10-5,329,291,205,-12.14,150,-2.91,5-5,0-0,0-2,0-2,16-10,2026-04-12,Non,0,16,14,0.533,0,0,,0,2,0,0,2,0,16,10,0.615,10,10,0.5,10,5,0.667,5,5,0.5
2026/04/05,Elon,CAA,219,220,297,225,15-16,11-9,4-7,4-10,317,260,234,-13.9,275,-5.58,6-4,0-1,0-0,0-3,15-12,2026-04-12,Non,0,15,16,0.484,0,1,0,0,0,,0,3,0,15,12,0.556,11,9,0.55,4,10,0.286,6,4,0.6
2026/04/05,Jacksonville St.,CUSA,220,221,270,215,13-16,10-9,3-7,5-10,316,294,236,-14.02,290,-5.94,5-5,0-1,0-1,0-2,13-12,2026-04-12,Non,0,13,16,0.448,0,1,0,0,1,0,0,2,0,13,12,0.52,10,9,0.526,5,10,0.333,5,5,0.5
2026/04/05,Northwestern St.,Southland,221,224,281,219,16-14,15-9,1-5,8-7,164,7,169,-10.19,108,-2,7-3,0-2,0-2,1-1,15-9,2026-04-12,Non,0,16,14,0.533,0,2,0,0,2,0,1,1,0.5,15,9,0.625,15,9,0.625,8,7,0.533,7,3,0.7
2026/04/05,SMU,ACC,222,223,65,120,9-21,2-16,7-5,2-10,62,270,194,-11.34,183,-3.54,1-9,0-8,0-4,0-3,9-6,2026-04-12,Non,0,9,21,0.3,0,8,0,0,4,0,0,3,0,9,6,0.6,2,16,0.111,2,10,0.167,1,9,0.1
2026/04/05,Longwood,Big South,223,226,337,249,18-10,12-6,6-4,6-6,280,160,127,-7.75,109,-2.03,6-4,0-2,0-0,0-2,18-6,2026-04-12,Non,0,18,10,0.643,0,2,0,0,0,,0,2,0,18,6,0.75,12,6,0.667,6,6,0.5,6,4,0.6
2026/04/05,Saint Louis,Atlantic 10,224,225,116,163,11-21,6-14,5-7,4-9,209,323,292,-17.53,296,-6.04,1-9,0-0,0-4,0-5,11-12,2026-04-12,Non,0,11,21,0.344,0,0,,0,4,0,0,5,0,11,12,0.478,6,14,0.3,4,9,0.308,1,9,0.1
2026/04/05,Tarleton St.,WAC,225,219,186,187,12-17,8-12,4-5,4-9,248,188,240,-14.31,170,-3.39,3-7,0-1,0-1,0-5,12-10,2026-04-12,Non,0,12,17,0.414,0,1,0,0,1,0,0,5,0,12,10,0.545,8,12,0.4,4,9,0.308,3,7,0.3
2026/04/05,Towson,CAA,226,229,276,217,16-14,10-9,6-5,6-9,276,194,196,-11.52,157,-3.06,5-5,0-2,0-0,0-1,16-11,2026-04-12,Non,0,16,14,0.533,0,2,0,0,0,,0,1,0,16,11,0.593,10,9,0.526,6,9,0.4,5,5,0.5
2026/04/05,Washington St.,WCC,227,227,76,134,9-25,8-13,1-12,3-10,92,39,310,-18.5,334,-7.68,5-5,0-1,0-7,1-7,8-10,2026-04-12,Non,0,9,25,0.265,0,1,0,0,7,0,1,7,0.125,8,10,0.444,8,13,0.381,3,10,0.231,5,5,0.5
2026/04/05,Tennessee Tech,OVC,228,222,273,216,13-14,8-12,5-2,4-9,298,259,204,-11.99,74,-1.1,5-5,0-1,0-0,0-3,13-10,2026-04-12,Non,0,13,14,0.481,0,1,0,0,0,,0,3,0,13,10,0.565,8,12,0.4,4,9,0.308,5,5,0.5
2026/04/05,Merrimack,MAAC,229,230,329,244,18-13,16-6,2-7,7-8,310,307,187,-10.77,299,-6.19,7-3,0-0,0-3,0-2,18-8,2026-04-12,Non,0,18,13,0.581,0,0,,0,3,0,0,2,0,18,8,0.692,16,6,0.727,7,8,0.467,7,3,0.7
2026/04/05,Georgia St.,Sun Belt,230,232,102,155,8-21,5-14,3-7,3-12,119,214,276,-16.57,265,-5.43,1-9,0-2,1-3,0-5,7-11,2026-04-12,Non,0,8,21,0.276,0,2,0,1,3,0.25,0,5,0,7,11,0.389,5,14,0.263,3,12,0.2,1,9,0.1
2026/04/05,St. Thomas,Summit League,231,228,216,195,13-16,9-9,4-7,4-6,158,293,207,-12.26,285,-5.84,6-4,0-2,0-4,0-2,13-8,2026-04-12,MN,0,13,16,0.448,0,2,0,0,4,0,0,2,0,13,8,0.619,9,9,0.5,4,6,0.4,6,4,0.6
2026/04/05,Southeast Mo. St.,OVC,232,231,240,203,12-18,10-13,2-5,4-10,255,154,257,-15.27,189,-3.61,6-4,0-1,0-1,0-4,12-12,2026-04-12,Non,0,12,18,0.4,0,1,0,0,1,0,0,4,0,12,12,0.5,10,13,0.435,4,10,0.286,6,4,0.6
2026/04/05,Wofford,SoCon,233,234,318,233,13-13,10-5,3-8,7-8,299,213,188,-11.07,300,-6.27,6-4,0-1,0-1,0-2,13-9,2026-04-12,Non,0,13,13,0.5,0,1,0,0,1,0,0,2,0,13,9,0.591,10,5,0.667,7,8,0.467,6,4,0.6
2026/04/05,North Ala.,ASUN,234,233,261,211,15-14,12-8,3-6,6-9,277,226,200,-11.64,241,-4.67,6-4,0-1,0-0,0-4,15-9,2026-04-12,Non,0,15,14,0.517,0,1,0,0,0,,0,4,0,15,9,0.625,12,8,0.6,6,9,0.4,6,4,0.6
2026/04/05,Delaware,CUSA,235,238,227,199,12-19,6-10,6-9,6-9,318,313,280,-16.93,335,-7.7,2-8,0-0,0-1,0-4,12-14,2026-04-12,Non,0,12,19,0.387,0,0,,0,1,0,0,4,0,12,14,0.462,6,10,0.375,6,9,0.4,2,8,0.2
2026/04/05,West Ga.,ASUN,236,235,291,223,16-13,11-9,5-4,5-9,257,173,176,-10.37,122,-2.32,4-6,0-1,0-2,0-2,16-8,2026-04-12,Non,0,16,13,0.552,0,1,0,0,2,0,0,2,0,16,8,0.667,11,9,0.55,5,9,0.357,4,6,0.4
2026/04/05,Fla. Atlantic,American,237,239,111,160,13-18,8-12,5-6,5-9,222,284,247,-14.81,244,-4.75,5-5,0-0,0-3,1-5,12-10,2026-04-12,Non,0,13,18,0.419,0,0,,0,3,0,1,5,0.167,12,10,0.545,8,12,0.4,5,9,0.357,5,5,0.5
2026/04/05,Nevada,Mountain West,238,241,118,165,9-21,6-15,3-6,2-11,246,337,304,-18.2,262,-5.39,3-7,0-0,0-2,1-5,8-14,2026-04-12,Non,0,9,21,0.3,0,0,,0,2,0,1,5,0.167,8,14,0.364,6,15,0.286,2,11,0.154,3,7,0.3
2026/04/05,Little Rock,OVC,239,236,209,193,13-16,11-10,2-6,5-9,214,95,217,-12.89,213,-4.02,5-5,0-1,0-1,0-5,13-9,2026-04-12,Non,0,13,16,0.448,0,1,0,0,1,0,0,5,0,13,9,0.591,11,10,0.524,5,9,0.357,5,5,0.5
2026/04/05,VCU,Atlantic 10,240,240,82,138,8-23,4-15,4-8,1-10,86,91,278,-16.63,248,-4.96,1-9,0-4,0-6,0-4,8-9,2026-04-12,Non,0,8,23,0.258,0,4,0,0,6,0,0,4,0,8,9,0.471,4,15,0.211,1,10,0.091,1,9,0.1
2026/04/05,Duquesne,Atlantic 10,241,242,158,178,10-19,5-15,5-4,4-10,216,353,270,-15.94,193,-3.64,5-5,0-1,0-2,1-4,9-12,2026-04-12,Non,0,10,19,0.345,0,1,0,0,2,0,1,4,0.2,9,12,0.429,5,15,0.25,4,10,0.286,5,5,0.5
2026/04/05,UT Arlington,WAC,242,237,164,179,12-21,6-15,6-6,1-13,215,158,291,-17.5,191,-3.63,2-8,0-1,1-2,0-3,11-15,2026-04-12,Non,0,12,21,0.364,0,1,0,1,2,0.333,0,3,0,11,15,0.423,6,15,0.286,1,13,0.071,2,8,0.2
2026/04/05,Boston College,ACC,243,244,59,115,5-26,1-17,4-9,1-10,61,278,271,-15.94,332,-7.49,1-9,0-7,0-7,0-6,5-6,2026-04-12,Non,0,5,26,0.161,0,7,0,0,7,0,0,6,0,5,6,0.455,1,17,0.056,1,10,0.091,1,9,0.1
2026/04/05,UC Riverside,Big West,244,243,182,185,9-21,9-13,0-8,5-11,266,211,308,-18.42,312,-6.72,4-6,0-0,0-1,1-8,8-12,2026-04-12,Non,0,9,21,0.3,0,0,,0,1,0,1,8,0.111,8,12,0.4,9,13,0.409,5,11,0.312,4,6,0.4
2026/04/05,Stony Brook,CAA,245,245,266,213,15-15,13-7,2-8,4-11,307,237,215,-12.82,310,-6.59,5-5,0-1,0-1,0-3,15-10,2026-04-12,Non,0,15,15,0.5,0,1,0,0,1,0,0,3,0,15,10,0.6,13,7,0.65,4,11,0.267,5,5,0.5
2026/04/05,Furman,SoCon,246,247,299,226,14-13,10-6,4-7,7-6,174,69,159,-9.72,210,-3.97,5-5,0-2,0-3,0-0,14-8,2026-04-12,Non,0,14,13,0.519,0,2,0,0,3,0,0,0,,14,8,0.636,10,6,0.625,7,6,0.538,5,5,0.5
2026/04/05,ETSU,SoCon,247,248,323,239,16-13,11-5,5-8,8-4,243,165,172,-10.23,266,-5.46,8-2,0-3,0-0,0-0,16-10,2026-04-12,Non,0,16,13,0.552,0,3,0,0,0,,0,0,,16,10,0.615,11,5,0.688,8,4,0.667,8,2,0.8
2026/04/05,UMES,MEAC,248,254,273,216,18-15,12-4,6-11,9-8,219,172,197,-11.54,338,-7.81,6-4,0-2,0-1,0-3,18-9,2026-04-12,Non,0,18,15,0.545,0,2,0,0,1,0,0,3,0,18,9,0.667,12,4,0.75,9,8,0.529,6,4,0.6
2026/04/05,Kennesaw St.,CUSA,249,249,240,203,10-17,6-13,4-4,4-10,253,190,244,-14.53,132,-2.58,3-7,0-1,0-2,0-2,10-12,2026-04-12,Non,0,10,17,0.37,0,1,0,0,2,0,0,2,0,10,12,0.455,6,13,0.316,4,10,0.286,3,7,0.3
2026/04/05,SIUE,OVC,250,246,269,214,13-16,9-13,4-3,5-9,333,326,239,-14.23,128,-2.45,6-4,0-0,0-0,1-5,12-11,2026-04-12,Non,0,13,16,0.448,0,0,,0,0,,1,5,0.167,12,11,0.522,9,13,0.409,5,9,0.357,6,4,0.6
2026/04/05,Texas St.,Sun Belt,251,251,144,175,9-19,7-12,2-7,4-10,186,279,266,-15.75,292,-5.96,2-8,0-2,0-1,0-5,9-11,2026-04-12,Non,0,9,19,0.321,0,2,0,0,1,0,0,5,0,9,11,0.45,7,12,0.368,4,10,0.286,2,8,0.2
2026/04/05,Wyoming,Mountain West,252,250,111,160,9-20,7-14,2-6,2-13,131,104,268,-15.85,217,-4.09,2-8,0-1,0-4,1-4,8-11,2026-04-12,Non,0,9,20,0.31,0,1,0,0,4,0,1,4,0.2,8,11,0.421,7,14,0.333,2,13,0.133,2,8,0.2
2026/04/05,IU Indy,Horizon,253,255,209,193,12-17,10-12,2-5,4-11,313,261,252,-14.95,219,-4.1,6-4,0-0,0-0,0-5,12-12,2026-04-12,Non,0,12,17,0.414,0,0,,0,0,,0,5,0,12,12,0.5,10,12,0.455,4,11,0.267,6,4,0.6
2026/04/05,Northern Ariz.,Big Sky,254,252,151,177,8-22,6-13,2-9,5-11,252,250,314,-19.25,333,-7.53,3-7,0-0,0-2,1-6,7-14,2026-04-12,Non,0,8,22,0.267,0,0,,0,2,0,1,6,0.143,7,14,0.333,6,13,0.316,5,11,0.312,3,7,0.3
2026/04/05,Weber St.,Big Sky,255,253,139,174,8-22,5-15,3-7,2-13,163,102,303,-18.19,238,-4.61,4-6,0-1,0-5,1-3,7-13,2026-04-12,Non,0,8,22,0.267,0,1,0,0,5,0,1,3,0.25,7,13,0.35,5,15,0.25,2,13,0.133,4,6,0.4
2026/04/05,Nicholls,Southland,256,257,338,250,14-16,11-13,3-3,6-9,358,352,251,-14.9,145,-2.76,5-5,0-0,0-0,0-3,14-13,2026-04-12,Non,0,14,16,0.467,0,0,,0,0,,0,3,0,14,13,0.519,11,13,0.458,6,9,0.4,5,5,0.5
2026/04/05,Fordham,Atlantic 10,257,259,197,191,9-20,2-17,7-3,3-10,183,350,277,-16.61,131,-2.57,1-9,0-1,0-5,0-2,9-12,2026-04-12,Non,0,9,20,0.31,0,1,0,0,5,0,0,2,0,9,12,0.429,2,17,0.105,3,10,0.231,1,9,0.1
2026/04/05,N.C. A&T,CAA,258,261,233,200,8-18,7-12,1-6,4-10,118,11,235,-14,136,-2.67,4-6,0-4,0-0,0-2,8-12,2026-04-12,Non,0,8,18,0.308,0,4,0,0,0,,0,2,0,8,12,0.4,7,12,0.368,4,10,0.286,4,6,0.4
2026/04/05,UT Martin,OVC,259,256,240,203,10-17,9-12,1-5,4-11,271,174,246,-14.73,206,-3.88,2-8,0-1,0-0,0-5,10-11,2026-04-12,Non,0,10,17,0.37,0,1,0,0,0,,0,5,0,10,11,0.476,9,12,0.429,4,11,0.267,2,8,0.2
2026/04/05,Oakland,Horizon,260,262,151,177,9-21,7-14,2-7,5-12,149,46,282,-17.01,220,-4.13,2-8,0-2,0-1,1-2,8-16,2026-04-12,Non,0,9,21,0.3,0,2,0,0,1,0,1,2,0.333,8,16,0.333,7,14,0.333,5,12,0.294,2,8,0.2
2026/04/05,Utah Tech,WAC,261,258,233,200,8-20,4-15,4-5,0-11,334,321,306,-18.3,228,-4.27,3-7,0-0,0-1,0-3,8-16,2026-04-12,Non,0,8,20,0.286,0,0,,0,1,0,0,3,0,8,16,0.333,4,15,0.211,0,11,0,3,7,0.3
2026/04/05,Lipscomb,ASUN,262,260,251,206,8-20,7-12,1-8,4-11,304,280,299,-17.96,318,-6.96,3-7,0-0,0-2,0-3,8-15,2026-04-12,Non,0,8,20,0.286,0,0,,0,2,0,0,3,0,8,15,0.348,7,12,0.368,4,11,0.267,3,7,0.3
2026/04/05,Wichita St.,American,263,263,118,165,7-23,5-13,2-10,2-10,224,273,320,-19.95,349,-8.56,3-7,0-1,0-2,1-2,6-18,2026-04-12,Non,0,7,23,0.233,0,1,0,0,2,0,1,2,0.333,6,18,0.25,5,13,0.278,2,10,0.167,3,7,0.3
2026/04/05,Pittsburgh,ACC,264,265,91,147,8-22,1-17,7-5,1-10,67,325,218,-12.91,214,-4.04,0-10,0-8,0-5,0-2,8-7,2026-04-12,Non,0,8,22,0.267,0,8,0,0,5,0,0,2,0,8,7,0.533,1,17,0.056,1,10,0.091,0,10,0
2026/04/05,Evansville,MVC,265,264,191,189,10-25,8-16,2-9,3-15,251,229,341,-21.76,331,-7.39,4-6,0-1,0-1,1-4,9-19,2026-04-12,Non,0,10,25,0.286,0,1,0,0,1,0,1,4,0.2,9,19,0.321,8,16,0.333,3,15,0.167,4,6,0.4
2026/04/05,Western Mich.,MAC,266,266,166,180,9-19,5-13,4-6,4-11,141,96,256,-15.22,186,-3.55,3-7,0-2,0-1,0-4,9-12,2026-04-12,Non,0,9,19,0.321,0,2,0,0,1,0,0,4,0,9,12,0.429,5,13,0.278,4,11,0.267,3,7,0.3
2026/04/05,Mercer,SoCon,267,267,345,254,15-13,7-8,8-5,7-8,353,329,202,-11.76,211,-4,5-5,0-0,0-2,0-0,15-11,2026-04-12,Non,0,15,13,0.536,0,0,,0,2,0,0,0,,15,11,0.577,7,8,0.467,7,8,0.467,5,5,0.5
2026/04/05,San Diego,WCC,268,268,129,169,10-22,5-15,5-7,0-13,208,286,311,-18.51,279,-5.66,3-7,0-0,0-4,0-6,10-12,2026-04-12,Non,0,10,22,0.312,0,0,,0,4,0,0,6,0,10,12,0.455,5,15,0.25,0,13,0,3,7,0.3
2026/04/05,Yale,Ivy League,269,272,151,177,7-20,3-11,4-9,4-11,122,338,269,-15.93,344,-8.13,2-8,0-2,0-3,0-6,7-9,2026-04-12,Non,0,7,20,0.259,0,2,0,0,3,0,0,6,0,7,9,0.438,3,11,0.214,4,11,0.267,2,8,0.2
2026/04/05,Hofstra,CAA,270,269,233,200,10-22,9-13,1-9,5-9,207,78,309,-18.49,303,-6.33,7-3,0-2,0-1,0-3,10-16,2026-04-12,Non,0,10,22,0.312,0,2,0,0,1,0,0,3,0,10,16,0.385,9,13,0.409,5,9,0.357,7,3,0.7
2026/04/05,Iona,MAAC,271,273,355,265,19-12,13-9,6-3,9-6,341,330,171,-10.23,123,-2.33,7-3,0-0,0-2,1-3,18-7,2026-04-12,Non,0,19,12,0.613,0,0,,0,2,0,1,3,0.25,18,7,0.72,13,9,0.591,9,6,0.6,7,3,0.7
2026/04/05,UTEP,CUSA,272,271,246,205,11-17,5-14,6-3,3-9,245,192,241,-14.37,85,-1.41,3-7,0-1,0-2,0-2,11-12,2026-04-12,Non,0,11,17,0.393,0,1,0,0,2,0,0,2,0,11,12,0.478,5,14,0.263,3,9,0.25,3,7,0.3
2026/04/05,Loyola Maryland,Patriot,273,274,276,217,12-18,8-11,4-7,6-11,269,207,260,-15.48,257,-5.18,3-7,0-2,0-0,0-2,12-14,2026-04-12,Non,0,12,18,0.4,0,2,0,0,0,,0,2,0,12,14,0.462,8,11,0.421,6,11,0.353,3,7,0.3
2026/04/05,Montana,Big Sky,274,270,126,167,8-22,6-14,2-8,4-10,126,56,294,-17.54,253,-5.07,2-8,0-2,0-3,0-5,8-12,2026-04-12,Non,0,8,22,0.267,0,2,0,0,3,0,0,5,0,8,12,0.4,6,14,0.3,4,10,0.286,2,8,0.2
2026/04/05,UIW,Southland,275,275,270,215,11-17,11-12,0-5,5-10,181,6,229,-13.69,130,-2.5,3-7,0-2,0-1,0-3,11-11,2026-04-12,Non,0,11,17,0.393,0,2,0,0,1,0,0,3,0,11,11,0.5,11,12,0.478,5,10,0.333,3,7,0.3
2026/04/05,LIU,NEC,276,276,363,297,19-11,16-5,3-6,11-7,361,344,166,-10.16,271,-5.51,7-3,0-0,0-1,0-2,19-8,2026-04-12,Non,0,19,11,0.633,0,0,,0,1,0,0,2,0,19,8,0.704,16,5,0.762,11,7,0.611,7,3,0.7
2026/04/05,New Hampshire,America East,277,278,197,191,8-20,4-13,4-7,3-14,236,239,287,-17.28,267,-5.46,3-7,0-1,0-1,0-4,8-14,2026-04-12,Non,0,8,20,0.286,0,1,0,0,1,0,0,4,0,8,14,0.364,4,13,0.235,3,14,0.176,3,7,0.3
2026/04/05,CSUN,Big West,278,277,227,199,8-20,6-15,2-5,3-11,305,282,300,-17.97,225,-4.2,4-6,0-0,0-1,0-6,8-13,2026-04-12,Non,0,8,20,0.286,0,0,,0,1,0,0,6,0,8,13,0.381,6,15,0.286,3,11,0.214,4,6,0.4
2026/04/05,UNC Greensboro,SoCon,279,280,327,242,10-16,4-11,6-5,4-11,270,191,232,-13.81,156,-3.06,2-8,0-1,0-1,0-1,10-13,2026-04-12,Non,0,10,16,0.385,0,1,0,0,1,0,0,1,0,10,13,0.435,4,11,0.267,4,11,0.267,2,8,0.2
2026/04/05,Mount St. Mary's,MAAC,280,281,347,256,15-15,11-10,4-5,6-9,275,187,209,-12.5,169,-3.39,6-4,0-2,0-1,0-2,15-10,2026-04-12,Non,0,15,15,0.5,0,2,0,0,1,0,0,2,0,15,10,0.6,11,10,0.524,6,9,0.4,6,4,0.6
2026/04/05,Siena,MAAC,281,283,353,264,13-17,11-10,2-7,6-10,342,345,258,-15.31,308,-6.51,5-5,0-0,0-2,0-3,13-12,2026-04-12,Non,0,13,17,0.433,0,0,,0,2,0,0,3,0,13,12,0.52,11,10,0.524,6,10,0.375,5,5,0.5
2026/04/05,Lafayette,Patriot,282,282,320,236,11-19,7-12,4-7,6-12,336,304,285,-17.2,294,-5.99,3-7,0-1,0-0,0-4,11-14,2026-04-12,Non,0,11,19,0.367,0,1,0,0,0,,0,4,0,11,14,0.44,7,12,0.368,6,12,0.333,3,7,0.3
2026/04/05,Samford,SoCon,283,279,273,216,13-19,9-8,4-11,4-13,147,79,245,-14.72,322,-7.01,7-3,0-4,0-1,0-1,13-13,2026-04-12,AQ,1,13,19,0.406,0,4,0,0,1,0,0,1,0,13,13,0.5,9,8,0.529,4,13,0.235,7,3,0.7
2026/04/05,Boston U.,Patriot,284,285,288,222,10-20,7-13,3-7,6-10,311,242,297,-17.85,277,-5.63,4-6,0-1,0-0,0-5,10-14,2026-04-12,Non,0,10,20,0.333,0,1,0,0,0,,0,5,0,10,14,0.417,7,13,0.35,6,10,0.375,4,6,0.4
2026/04/05,Southern Ill.,MVC,285,284,227,199,8-20,7-14,1-6,3-10,322,317,302,-18.17,263,-5.41,3-7,0-0,0-0,0-5,8-15,2026-04-12,Non,0,8,20,0.286,0,0,,0,0,,0,5,0,8,15,0.348,7,14,0.333,3,10,0.231,3,7,0.3
2026/04/05,Manhattan,MAAC,286,288,281,219,11-20,11-11,0-9,4-10,191,115,274,-16.44,317,-6.96,6-4,0-1,0-4,0-4,11-11,2026-04-12,Non,0,11,20,0.355,0,1,0,0,4,0,0,4,0,11,11,0.5,11,11,0.5,4,10,0.286,6,4,0.6
2026/04/05,East Texas A&M,Southland,287,290,311,231,11-17,9-14,2-3,4-10,249,32,242,-14.4,77,-1.23,3-7,0-2,0-0,0-2,11-13,2026-04-12,Non,0,11,17,0.393,0,2,0,0,0,,0,2,0,11,13,0.458,9,14,0.391,4,10,0.286,3,7,0.3
2026/04/05,Akron,MAC,288,292,118,165,5-24,4-14,1-10,1-13,134,164,321,-19.95,340,-7.85,3-7,0-2,0-2,0-4,5-16,2026-04-12,Non,0,5,24,0.172,0,2,0,0,2,0,0,4,0,5,16,0.238,4,14,0.222,1,13,0.071,3,7,0.3
2026/04/05,Utah St.,Mountain West,289,291,129,169,5-24,2-19,3-5,1-14,184,156,328,-20.62,171,-3.41,0-10,0-1,0-1,0-7,5-15,2026-04-12,Non,0,5,24,0.172,0,1,0,0,1,0,0,7,0,5,15,0.25,2,19,0.095,1,14,0.067,0,10,0
2026/04/05,Kansas City,Summit League,290,286,144,175,4-23,4-13,0-10,2-12,96,116,301,-18.05,336,-7.73,1-9,0-2,0-5,0-4,4-12,2026-04-12,Non,0,4,23,0.148,0,2,0,0,5,0,0,4,0,4,12,0.25,4,13,0.235,2,12,0.143,1,9,0.1
2026/04/05,Coppin St.,MEAC,291,294,221,197,8-23,7-9,1-14,3-13,94,27,286,-17.2,348,-8.53,5-5,0-5,0-1,0-2,8-15,2026-04-12,Non,0,8,23,0.258,0,5,0,0,1,0,0,2,0,8,15,0.348,7,9,0.438,3,13,0.188,5,5,0.5
2026/04/05,North Florida,ASUN,292,289,214,194,7-21,4-15,3-6,4-12,196,85,296,-17.82,194,-3.66,1-9,0-2,0-2,0-1,7-16,2026-04-12,Non,0,7,21,0.25,0,2,0,0,2,0,0,1,0,7,16,0.304,4,15,0.211,4,12,0.25,1,9,0.1
2026/04/05,Denver,Summit League,293,287,172,181,8-19,5-12,3-7,3-11,162,281,262,-15.57,286,-5.85,2-8,0-1,0-4,0-3,8-11,2026-04-12,Non,0,8,19,0.296,0,1,0,0,4,0,0,3,0,8,11,0.421,5,12,0.294,3,11,0.214,2,8,0.2
2026/04/05,Wright St.,Horizon,294,293,257,210,8-22,6-15,2-7,3-14,288,257,317,-19.69,284,-5.83,4-6,0-1,0-0,0-1,8-20,2026-04-12,Non,0,8,22,0.267,0,1,0,0,0,,0,1,0,8,20,0.286,6,15,0.286,3,14,0.176,4,6,0.4
2026/04/05,Western Ky.,CUSA,295,295,209,193,7-21,4-14,3-7,3-12,198,142,298,-17.86,247,-4.93,3-7,0-2,0-2,0-1,7-16,2026-04-12,Non,0,7,21,0.25,0,2,0,0,2,0,0,1,0,7,16,0.304,4,14,0.222,3,12,0.2,3,7,0.3
2026/04/05,Cornell,Ivy League,296,299,178,183,8-18,4-10,4-8,6-9,112,322,233,-13.83,323,-7.03,2-8,1-1,0-4,1-3,6-10,2026-04-12,Non,0,8,18,0.308,1,1,0.5,0,4,0,1,3,0.25,6,10,0.375,4,10,0.286,6,9,0.4,2,8,0.2
2026/04/05,Bucknell,Patriot,297,298,281,219,10-19,7-12,3-7,4-11,306,235,279,-16.89,274,-5.56,5-5,0-1,0-1,0-3,10-14,2026-04-12,Non,0,10,19,0.345,0,1,0,0,1,0,0,3,0,10,14,0.417,7,12,0.368,4,11,0.267,5,5,0.5
2026/04/05,Alabama St.,SWAC,298,297,332,246,15-14,14-7,1-7,7-9,116,5,153,-9.52,141,-2.71,7-3,0-5,0-0,0-1,15-8,2026-04-12,Non,0,15,14,0.517,0,5,0,0,0,,0,1,0,15,8,0.652,14,7,0.667,7,9,0.438,7,3,0.7
2026/04/05,Indiana St.,MVC,299,296,227,199,9-22,6-16,3-6,3-12,273,258,315,-19.41,246,-4.84,2-8,0-1,0-0,0-4,9-17,2026-04-12,Non,0,9,22,0.29,0,1,0,0,0,,0,4,0,9,17,0.346,6,16,0.273,3,12,0.2,2,8,0.2
2026/04/05,Sacred Heart,MAAC,300,300,320,236,12-18,11-11,1-7,5-10,238,225,253,-15.09,282,-5.82,2-8,0-1,0-3,0-4,12-10,2026-04-12,Non,0,12,18,0.4,0,1,0,0,3,0,0,4,0,12,10,0.545,11,11,0.5,5,10,0.333,2,8,0.2
2026/04/05,Marist,MAAC,301,302,299,226,11-20,8-13,3-7,3-10,250,223,284,-17.13,270,-5.49,4-6,0-1,0-2,0-3,11-14,2026-04-12,Non,0,11,20,0.355,0,1,0,0,2,0,0,3,0,11,14,0.44,8,13,0.381,3,10,0.231,4,6,0.4
2026/04/05,Detroit Mercy,Horizon,302,303,233,200,7-23,5-17,2-6,2-12,259,195,324,-20.31,236,-4.59,3-7,0-1,0-0,0-3,7-19,2026-04-12,Non,0,7,23,0.233,0,1,0,0,0,,0,3,0,7,19,0.269,5,17,0.227,2,12,0.143,3,7,0.3
2026/04/05,New Mexico St.,CUSA,303,301,172,181,6-21,5-13,1-8,2-12,261,219,312,-18.59,311,-6.62,2-8,0-1,0-1,0-3,6-16,2026-04-12,Non,0,6,21,0.222,0,1,0,0,1,0,0,3,0,6,16,0.273,5,13,0.278,2,12,0.143,2,8,0.2
2026/04/05,Winthrop,Big South,304,305,334,247,12-17,8-10,4-7,5-10,197,80,230,-13.72,215,-4.08,4-6,0-3,0-1,0-0,12-13,2026-04-12,Non,0,12,17,0.414,0,3,0,0,1,0,0,0,,12,13,0.48,8,10,0.444,5,10,0.333,4,6,0.4
2026/04/05,Grambling,SWAC,305,304,329,244,10-19,10-9,0-10,4-12,314,178,281,-16.99,345,-8.15,7-3,0-1,0-1,0-3,10-14,2026-04-12,Non,0,10,19,0.345,0,1,0,0,1,0,0,3,0,10,14,0.417,10,9,0.526,4,12,0.25,7,3,0.7
2026/04/05,Northeastern,CAA,306,307,311,231,7-22,3-16,4-6,4-11,357,354,333,-20.92,276,-5.63,1-9,0-0,0-0,0-1,7-21,2026-04-12,Non,0,7,22,0.241,0,0,,0,0,,0,1,0,7,21,0.25,3,16,0.158,4,11,0.267,1,9,0.1
2026/04/05,Alcorn,SWAC,307,308,343,252,14-14,14-5,0-9,7-7,154,21,175,-10.32,264,-5.43,5-5,0-3,0-1,0-1,14-9,2026-04-12,Non,0,14,14,0.5,0,3,0,0,1,0,0,1,0,14,9,0.609,14,5,0.737,7,7,0.5,5,5,0.5
2026/04/05,CSU Bakersfield,Big West,308,306,257,210,6-23,2-18,4-5,4-11,330,340,337,-21.22,233,-4.43,0-10,0-0,0-1,0-5,6-17,2026-04-12,Non,0,6,23,0.207,0,0,,0,1,0,0,5,0,6,17,0.261,2,18,0.1,4,11,0.267,0,10,0
2026/04/05,Buffalo,MAC,309,310,166,180,3-27,1-17,2-10,0-14,203,234,355,-23.68,346,-8.27,1-9,0-1,0-3,0-4,3-19,2026-04-12,Non,0,3,27,0.1,0,1,0,0,3,0,0,4,0,3,19,0.136,1,17,0.056,0,14,0,1,9,0.1
2026/04/05,Milwaukee,Horizon,310,309,246,205,6-24,4-17,2-7,3-12,339,328,349,-22.24,301,-6.29,1-9,0-0,0-0,0-3,6-21,2026-04-12,Non,0,6,24,0.2,0,0,,0,0,,0,3,0,6,21,0.222,4,17,0.19,3,12,0.2,1,9,0.1
2026/04/05,Hampton,CAA,311,311,291,223,7-21,4-15,3-6,4-9,359,348,322,-20,272,-5.55,1-9,0-0,0-0,0-1,7-20,2026-04-12,Non,0,7,21,0.25,0,0,,0,0,,0,1,0,7,20,0.259,4,15,0.211,4,9,0.308,1,9,0.1
2026/04/05,Houston Christian,Southland,312,312,281,219,6-21,6-16,0-5,3-13,237,28,307,-18.38,162,-3.19,3-7,0-1,0-2,0-2,6-16,2026-04-12,Non,0,6,21,0.222,0,1,0,0,2,0,0,2,0,6,16,0.273,6,16,0.273,3,13,0.188,3,7,0.3
2026/04/05,NIU,MAC,313,313,216,195,7-23,4-14,3-9,2-15,265,300,326,-20.41,339,-7.85,3-7,0-1,0-1,0-3,7-18,2026-04-12,Non,0,7,23,0.233,0,1,0,0,1,0,0,3,0,7,18,0.28,4,14,0.222,2,15,0.118,3,7,0.3
2026/04/05,Portland St.,Big Sky,314,314,197,191,5-25,2-17,3-8,1-14,287,303,350,-22.68,320,-6.98,1-9,0-0,0-2,0-3,5-20,2026-04-12,Non,0,5,25,0.167,0,0,,0,2,0,0,3,0,5,20,0.2,2,17,0.105,1,14,0.067,1,9,0.1
2026/04/05,Jackson St.,SWAC,315,315,332,246,11-19,10-9,1-10,6-10,200,57,265,-15.65,315,-6.78,6-4,0-3,0-1,0-3,11-12,2026-04-12,Non,0,11,19,0.367,0,3,0,0,1,0,0,3,0,11,12,0.478,10,9,0.526,6,10,0.375,6,4,0.6
2026/04/05,N.C. Central,MEAC,316,317,315,232,7-20,5-10,2-10,2-12,156,76,275,-16.5,314,-6.77,4-6,0-3,0-0,0-0,7-17,2026-04-12,Non,0,7,20,0.259,0,3,0,0,0,,0,0,,7,17,0.292,5,10,0.333,2,12,0.143,4,6,0.4
2026/04/05,Louisiana,Sun Belt,317,319,126,167,4-25,3-17,1-8,2-11,171,244,340,-21.45,313,-6.77,3-7,0-2,0-1,0-4,4-18,2026-04-12,Non,0,4,25,0.138,0,2,0,0,1,0,0,4,0,4,18,0.182,3,17,0.15,2,11,0.154,3,7,0.3
2026/04/05,Dartmouth,Ivy League,318,321,172,181,7-17,1-13,6-4,4-10,117,349,225,-13.31,182,-3.52,1-9,0-2,0-4,0-3,7-8,2026-04-12,Non,0,7,17,0.292,0,2,0,0,4,0,0,3,0,7,8,0.467,1,13,0.071,4,10,0.286,1,9,0.1
2026/04/05,American,Patriot,319,318,291,223,7-23,5-14,2-9,3-13,344,309,339,-21.35,342,-8.03,2-8,0-1,0-0,0-2,7-20,2026-04-12,Non,0,7,23,0.233,0,1,0,0,0,,0,2,0,7,20,0.259,5,14,0.263,3,13,0.188,2,8,0.2
2026/04/05,San Jose St.,Mountain West,320,320,102,155,3-28,2-19,1-9,0-17,136,130,356,-23.73,316,-6.84,1-9,0-1,0-4,0-5,3-18,2026-04-12,Non,0,3,28,0.097,0,1,0,0,4,0,0,5,0,3,18,0.143,2,19,0.095,0,17,0,1,9,0.1
2026/04/05,Eastern Ill.,OVC,321,316,186,187,4-27,3-17,1-10,2-16,160,88,353,-23.03,327,-7.18,1-9,0-2,0-2,0-4,4-19,2026-04-12,Non,0,4,27,0.129,0,2,0,0,2,0,0,4,0,4,19,0.174,3,17,0.15,2,16,0.111,1,9,0.1
2026/04/05,Colgate,Patriot,322,322,257,210,6-24,3-17,3-7,3-14,300,232,342,-21.77,273,-5.55,1-9,0-1,0-0,0-5,6-18,2026-04-12,Non,0,6,24,0.2,0,1,0,0,0,,0,5,0,6,18,0.25,3,17,0.15,3,14,0.176,1,9,0.1
2026/04/05,Ark.-Pine Bluff,SWAC,323,323,351,258,14-16,12-9,2-7,5-12,321,151,237,-14.02,258,-5.19,6-4,0-1,0-1,0-2,14-12,2026-04-12,Non,0,14,16,0.467,0,1,0,0,1,0,0,2,0,14,12,0.538,12,9,0.571,5,12,0.294,6,4,0.6
2026/04/05,Queens,ASUN,324,324,299,226,8-20,4-15,4-5,4-11,256,186,290,-17.45,168,-3.39,2-8,0-2,0-0,0-2,8-16,2026-04-12,NC,0,8,20,0.286,0,2,0,0,0,,0,2,0,8,16,0.333,4,15,0.211,4,11,0.267,2,8,0.2
2026/04/05,UNCW,CAA,325,327,309,230,6-24,3-17,3-7,1-15,326,276,347,-22.12,283,-5.83,2-8,0-1,0-0,0-2,6-21,2026-04-12,Non,0,6,24,0.2,0,1,0,0,0,,0,2,0,6,21,0.222,3,17,0.15,1,15,0.062,2,8,0.2
2026/04/05,Tennessee St.,OVC,326,325,226,198,5-24,4-16,1-8,1-14,206,118,332,-20.82,293,-5.97,2-8,0-2,0-0,0-3,5-19,2026-04-12,Non,0,5,24,0.172,0,2,0,0,0,,0,3,0,5,19,0.208,4,16,0.2,1,14,0.067,2,8,0.2
2026/04/05,Gardner-Webb,Big South,327,328,353,264,12-19,9-8,3-11,6-10,356,334,295,-17.73,358,-10.02,6-4,0-1,0-0,0-0,12-18,2026-04-12,Non,0,12,19,0.387,0,1,0,0,0,,0,0,,12,18,0.4,9,8,0.529,6,10,0.375,6,4,0.6
2026/04/05,Long Beach St.,Big West,328,326,164,179,4-25,4-16,0-9,0-14,217,145,344,-21.95,326,-7.16,2-8,0-1,0-1,0-5,4-18,2026-04-12,Non,0,4,25,0.138,0,1,0,0,1,0,0,5,0,4,18,0.182,4,16,0.2,0,14,0,2,8,0.2
2026/04/05,Wagner,NEC,329,331,360,274,11-17,8-10,3-7,5-10,291,170,248,-14.86,255,-5.1,3-7,0-2,0-1,0-1,11-13,2026-04-12,Non,0,11,17,0.393,0,2,0,0,1,0,0,1,0,11,13,0.458,8,10,0.444,5,10,0.333,3,7,0.3
2026/04/05,Charleston So.,Big South,330,332,285,220,7-22,6-11,1-11,4-11,189,92,313,-18.64,341,-7.96,2-8,0-2,0-2,0-3,7-15,2026-04-12,Non,0,7,22,0.241,0,2,0,0,2,0,0,3,0,7,15,0.318,6,11,0.353,4,11,0.267,2,8,0.2
2026/04/05,Mercyhurst,NEC,331,329,347,256,15-17,15-5,0-12,8-8,199,66,226,-13.42,351,-8.66,7-3,0-4,0-0,0-1,15-12,2026-04-12,Non,0,15,17,0.469,0,4,0,0,0,,0,1,0,15,12,0.556,15,5,0.75,8,8,0.5,7,3,0.7
2026/04/05,UNC Asheville,Big South,332,333,356,271,9-18,7-10,2-8,6-7,363,360,289,-17.43,337,-7.75,4-6,0-0,0-0,0-1,9-17,2026-04-12,Non,0,9,18,0.333,0,0,,0,0,,0,1,0,9,17,0.346,7,10,0.412,6,7,0.462,4,6,0.4
2026/04/05,North Dakota,Summit League,333,330,185,186,4-24,3-14,1-10,1-11,128,198,319,-19.93,343,-8.12,2-8,0-2,0-4,0-3,4-15,2026-04-12,Non,0,4,24,0.143,0,2,0,0,4,0,0,3,0,4,15,0.211,3,14,0.176,1,11,0.083,2,8,0.2
2026/04/05,Rider,MAAC,334,334,352,259,7-22,5-15,2-7,3-13,354,331,329,-20.72,304,-6.34,3-7,0-0,0-2,0-2,7-18,2026-04-12,Non,0,7,22,0.241,0,0,,0,2,0,0,2,0,7,18,0.28,5,15,0.25,3,13,0.188,3,7,0.3
2026/04/05,Texas Southern,SWAC,335,335,336,248,6-21,6-13,0-8,3-12,139,14,288,-17.34,235,-4.47,1-9,0-3,0-0,0-3,6-15,2026-04-12,Non,0,6,21,0.222,0,3,0,0,0,,0,3,0,6,15,0.286,6,13,0.316,3,12,0.2,1,9,0.1
2026/04/05,Southeastern La.,Southland,336,336,261,211,4-24,4-18,0-6,1-15,138,9,323,-20.2,154,-3.02,3-7,0-3,0-0,0-3,4-18,2026-04-12,Non,0,4,24,0.143,0,3,0,0,0,,0,3,0,4,18,0.182,4,18,0.182,1,15,0.062,3,7,0.3
2026/04/05,Stonehill,NEC,337,337,357,272,11-18,7-11,4-7,3-12,335,241,272,-16.24,268,-5.48,5-5,0-1,0-0,0-2,11-15,2026-04-12,Non,0,11,18,0.379,0,1,0,0,0,,0,2,0,11,15,0.423,7,11,0.389,3,12,0.2,5,5,0.5
2026/04/05,Florida A&M,SWAC,338,339,341,251,8-22,8-12,0-10,1-15,343,228,325,-20.33,347,-8.53,3-7,0-0,0-2,0-1,8-19,2026-04-12,Non,0,8,22,0.267,0,0,,0,2,0,0,1,0,8,19,0.296,8,12,0.4,1,15,0.062,3,7,0.3
2026/04/05,Canisius,MAAC,339,341,311,231,5-24,3-17,2-7,1-14,201,140,330,-20.77,256,-5.12,2-8,0-2,0-2,0-3,5-17,2026-04-12,Non,0,5,24,0.172,0,2,0,0,2,0,0,3,0,5,17,0.227,3,17,0.15,1,14,0.067,2,8,0.2
2026/04/05,A&M-Corpus Christi,Southland,340,340,288,222,5-23,5-17,0-6,2-13,286,111,331,-20.81,239,-4.62,2-8,0-1,0-1,0-3,5-18,2026-04-12,Non,0,5,23,0.179,0,1,0,0,1,0,0,3,0,5,18,0.217,5,17,0.227,2,13,0.133,2,8,0.2
2026/04/05,Cal Poly,Big West,341,338,158,178,2-26,2-18,0-8,1-15,121,25,343,-21.78,249,-4.99,1-9,0-2,0-2,0-4,2-18,2026-04-12,Non,0,2,26,0.071,0,2,0,0,2,0,0,4,0,2,18,0.1,2,18,0.1,1,15,0.062,1,9,0.1
2026/04/05,Seattle U,WCC,342,342,151,177,3-25,1-18,2-7,0-14,220,264,346,-22.09,287,-5.86,0-10,0-1,0-1,0-5,3-18,2026-04-12,Non,0,3,25,0.107,0,1,0,0,1,0,0,5,0,3,18,0.143,1,18,0.053,0,14,0,0,10,0
2026/04/05,USC Upstate,Big South,343,343,334,247,9-20,7-11,2-9,5-10,229,109,283,-17.1,307,-6.46,6-4,0-3,0-0,0-1,9-16,2026-04-12,Non,0,9,20,0.31,0,3,0,0,0,,0,1,0,9,16,0.36,7,11,0.389,5,10,0.333,6,4,0.6
2026/04/05,Delaware St.,MEAC,344,344,318,233,4-23,4-11,0-12,2-13,312,245,334,-21.07,360,-10.36,3-7,0-1,0-0,0-2,4-20,2026-04-12,Non,0,4,23,0.148,0,1,0,0,0,,0,2,0,4,20,0.167,4,11,0.267,2,13,0.133,3,7,0.3
2026/04/05,Bethune-Cookman,SWAC,345,345,338,250,5-25,5-15,0-10,1-15,240,74,348,-22.13,329,-7.3,3-7,0-2,0-2,0-0,5-21,2026-04-12,Non,0,5,25,0.167,0,2,0,0,2,0,0,0,,5,21,0.192,5,15,0.25,1,15,0.062,3,7,0.3
2026/04/05,Chicago St.,NEC,346,346,343,252,9-23,8-11,1-12,3-16,294,206,327,-20.59,356,-9.85,4-6,0-1,0-1,0-3,9-18,2026-04-12,Non,0,9,23,0.281,0,1,0,0,1,0,0,3,0,9,18,0.333,8,11,0.421,3,16,0.158,4,6,0.4
2026/04/05,Saint Peter's,MAAC,347,347,320,236,6-23,6-15,0-8,5-10,331,315,338,-21.23,330,-7.32,2-8,0-0,0-3,0-1,6-19,2026-04-12,Non,0,6,23,0.207,0,0,,0,3,0,0,1,0,6,19,0.24,6,15,0.286,5,10,0.333,2,8,0.2
2026/04/05,UMass Lowell,America East,348,348,240,203,5-21,2-14,3-7,3-13,338,351,316,-19.48,309,-6.58,2-8,0-0,0-1,0-2,5-18,2026-04-12,Non,0,5,21,0.192,0,0,,0,1,0,0,2,0,5,18,0.217,2,14,0.125,3,13,0.188,2,8,0.2
2026/04/05,New Orleans,Southland,349,349,257,210,3-26,3-19,0-7,2-14,205,35,351,-22.79,237,-4.61,2-8,0-2,0-1,0-3,3-20,2026-04-12,Non,0,3,26,0.103,0,2,0,0,1,0,0,3,0,3,20,0.13,3,19,0.136,2,14,0.125,2,8,0.2
2026/04/05,New Haven,NEC,350,350,362,286,5-22,5-10,0-12,1-12,360,343,336,-21.1,363,-11.33,1-9,0-0,0-1,0-1,5-20,2026-04-12,Non,0,5,22,0.185,0,0,,0,1,0,0,1,0,5,20,0.2,5,10,0.333,1,12,0.077,1,9,0.1
2026/04/05,Morgan St.,MEAC,351,351,251,206,4-25,4-11,0-14,2-14,144,86,335,-21.09,361,-10.39,2-8,0-3,0-2,0-0,4-20,2026-04-12,Non,0,4,25,0.138,0,3,0,0,2,0,0,0,,4,20,0.167,4,11,0.267,2,14,0.125,2,8,0.2
2026/04/05,Le Moyne,NEC,352,352,349,257,11-21,9-10,2-11,6-14,264,179,305,-18.23,350,-8.6,7-3,0-2,0-1,0-4,11-14,2026-04-12,Non,0,11,21,0.344,0,2,0,0,1,0,0,4,0,11,14,0.44,9,10,0.474,6,14,0.3,7,3,0.7
2026/04/05,Mississippi Val.,SWAC,353,353,341,251,8-23,7-13,1-10,3-16,223,72,318,-19.84,321,-7,4-6,0-3,0-1,0-1,8-18,2026-04-12,Non,0,8,23,0.258,0,3,0,0,1,0,0,1,0,8,18,0.308,7,13,0.35,3,16,0.158,4,6,0.4
2026/04/05,Western Caro.,SoCon,354,354,299,226,0-26,0-15,0-11,0-12,254,168,354,-23.63,352,-8.9,0-10,0-1,0-2,0-0,0-23,2026-04-12,Non,0,0,26,0,0,1,0,0,2,0,0,0,,0,23,0,0,15,0,0,12,0,0,10,0
2026/04/05,Omaha,Summit League,355,355,151,177,4-27,4-14,0-13,1-14,109,171,345,-21.95,362,-10.55,4-6,0-2,0-6,0-2,4-17,2026-04-12,Non,0,4,27,0.129,0,2,0,0,6,0,0,2,0,4,17,0.19,4,14,0.222,1,14,0.067,4,6,0.4
2026/04/05,Saint Francis,NEC,356,356,357,272,3-26,3-16,0-10,1-15,362,357,359,-25.27,354,-9.64,1-9,0-0,0-0,0-2,3-24,2026-04-12,Non,0,3,26,0.103,0,0,,0,0,,0,2,0,3,24,0.111,3,16,0.158,1,15,0.062,1,9,0.1
2026/04/05,Valparaiso,MVC,357,357,204,192,0-32,0-21,0-11,0-16,289,292,363,-29.54,355,-9.83,0-10,0-1,0-0,0-4,0-27,2026-04-12,Non,0,0,32,0,0,1,0,0,0,,0,4,0,0,27,0,0,21,0,0,16,0,0,10,0
2026/04/05,Prairie View,SWAC,358,358,345,254,0-28,0-19,0-9,0-17,244,64,361,-25.33,306,-6.46,0-10,0-2,0-1,0-1,0-24,2026-04-12,Non,0,0,28,0,0,2,0,0,1,0,0,1,0,0,24,0,0,19,0,0,17,0,0,10,0
2026/04/05,South Carolina St.,MEAC,359,359,331,245,3-25,2-13,1-12,2-13,293,247,352,-22.89,359,-10.23,0-10,0-1,0-1,0-1,3-22,2026-04-12,Non,0,3,25,0.107,0,1,0,0,1,0,0,1,0,3,22,0.12,2,13,0.133,2,13,0.133,0,10,0
2026/04/05,Niagara,MAAC,360,360,311,231,1-28,1-19,0-9,0-17,213,161,357,-24.87,328,-7.23,1-9,0-2,0-2,0-2,1-22,2026-04-12,Non,0,1,28,0.034,0,2,0,0,2,0,0,2,0,1,22,0.043,1,19,0.05,0,17,0,1,9,0.1
2026/04/05,Central Conn. St.,NEC,361,361,359,273,2-27,2-16,0-11,0-16,340,253,360,-25.31,353,-9.55,2-8,0-1,0-0,0-3,2-23,2026-04-12,Non,0,2,27,0.069,0,1,0,0,0,,0,3,0,2,23,0.08,2,16,0.111,0,16,0,2,8,0.2
2026/04/05,Presbyterian,Big South,362,363,338,250,1-27,1-16,0-11,1-13,350,301,362,-25.65,357,-9.95,0-10,0-1,0-0,0-0,1-26,2026-04-12,Non,0,1,27,0.036,0,1,0,0,0,,0,0,,1,26,0.037,1,16,0.059,1,13,0.071,0,10,0
2026/04/05,Bellarmine,ASUN,363,362,151,177,1-30,0-19,1-11,1-16,114,41,358,-25.11,325,-7.09,0-10,0-4,0-0,0-4,1-22,2026-04-12,Non,0,1,30,0.032,0,4,0,0,0,,0,4,0,1,22,0.043,0,19,0,1,16,0.059,0,10,0